Workbook

Sheet significant_snps
A1: SNP | B1: p_value | C1: p_value_fdr | D1: mean_high | E1: mean_low | F1: significant
A2: 1__31104 | B2: 0.00023357494 | C2: 0.0010116601 | D2: 0.021593707 | E2: 0.99105551 | F2: TRUE | G2: =VLOOKUP(A2,Sheet1!C:I,7,FALSE) -> CP01G000011
A3: 1__31410 | B3: 0.0002986271 | C3: 0.0010116601 | D3: 0.01601401 | E3: 0.987824 | F3: TRUE | G3: =VLOOKUP(A3,Sheet1!C:I,7,FALSE) -> CP01G000011
A4: 1__40663 | B4: 0.0002497155 | C4: 0.0010116601 | D4: 0.022907554 | E4: 0.9858574 | F4: TRUE | G4: =VLOOKUP(A4,Sheet1!C:I,7,FALSE) -> CP01G000014
A5: 1__52322 | B5: 0.00028632907 | C5: 0.0010116601 | D5: 0.024166978 | E5: 0.99642117 | F5: TRUE | G5: =VLOOKUP(A5,Sheet1!C:I,7,FALSE) -> CP01G000017
A6: 1__73671 | B6: 0.0002986271 | C6: 0.0010116601 | D6: 0.018676287 | E6: 0.99786825 | F6: TRUE | G6: =VLOOKUP(A6,Sheet1!C:I,7,FALSE) -> CP01G000031
A7: 1__74017 | B7: 0.00038018 | C7: 0.0010116601 | D7: 0.019002216 | E7: 0.99818475 | F7: TRUE | G7: =VLOOKUP(A7,Sheet1!C:I,7,FALSE) -> CP01G000027
A8: 1__82174 | B8: 0.00040528222 | C8: 0.0010116601 | D8: 0.01989329 | E8: 0.99504426 | F8: TRUE | G8: =VLOOKUP(A8,Sheet1!C:I,7,FALSE) -> CP01G000035
A9: 1__83228 | B9: 0.00034455079 | C9: 0.0010116601 | D9: 0.024005146 | E9: 0.99393375 | F9: TRUE | G9: =VLOOKUP(A9,Sheet1!C:I,7,FALSE) -> CP01G000034
A10: 1__83264 | B10: 0.00034455079 | C10: 0.0010116601 | D10: 0.02368938 | E10: 0.99105908 | F10: TRUE | G10: =VLOOKUP(A10,Sheet1!C:I,7,FALSE) -> CP01G000034
A11: 1__84317 | B11: 0.00040528222 | C11: 0.0010116601 | D11: 0.01921317 | E11: 0.99451811 | F11: TRUE | G11: =VLOOKUP(A11,Sheet1!C:I,7,FALSE) -> CP01G000036
A12: 1__85211 | B12: 0.00039008977 | C12: 0.0010116601 | D12: 0.026555485 | E12: 0.99223157 | F12: TRUE | G12: =VLOOKUP(A12,Sheet1!C:I,7,FALSE) -> CP01G000036
A13: 1__85278 | B13: 0.00040528222 | C13: 0.0010116601 | D13: 0.023520191 | E13: 0.99009077 | F13: TRUE | G13: =VLOOKUP(A13,Sheet1!C:I,7,FALSE) -> CP01G000034
... A399: 6__1135691 | B399: 0.010741514 | C399: 0.010741514 | D399: 0.18221468 | E399: 0.99223192 | F399: TRUE | G399: =VLOOKUP(A399,Sheet1!C:I,7,FALSE) -> CP06G000483

Sheet Sheet1
A1: Chr | B1: Pos | C1: ID | D1: Ref | E1: 3-8-11-24-AlleleFreq | G1: Type | H1: Level | I1: GeneID | K1: GeneID
A2: 1 | B2: 31104 | C2: 1__31104 | D2: G | E2: =VLOOKUP(C2,significant_snps!#REF!,6,FALSE) -> #REF! | F2: ANN=A | G2: synonymous_variant | H2: LOW | I2: CP01G000011 | J2: cgd_1g110 | K2: CP01G000011 | L2: hypothetical protein | M2: CP01G000011.mRNA1 | N2: protein_coding | O2: 1/1 | P2: c.792G>A | Q2: p.Ala264Ala | R2: 792/1221 | S2: 792/1221 | T2: 264/406 | U2: ,A | V2: upstream_gene_variant | W2: MODIFIER | X2: CP01G000009 | Y2: CP01G000009 | Z2: transcript | AA2: CP01G000009.mRNA1 | AB2: protein_coding | AC2: c.-4672C>T | AD2: 4672 | AE2: ,A | AF2: upstream_gene_variant | AG2: MODIFIER | AH2: CP01G000012 | AI2: CP01G000012 | AJ2: transcript | AK2: CP01G000012.mRNA1 | AL2: protein_coding | AM2: c.-2173G>A | AN2: 2173 | AO2: ,A | AP2: upstream_gene_variant | AQ2: MODIFIER | AR2: CP01G000013 | AS2: CP01G000013 | AT2: transcript | AU2: CP01G000013.mRNA1 | AV2: protein_coding | AW2: c.-3912G>A | AX2: 3912 | AY2: ,A | AZ2: downstream_gene_variant | BA2: MODIFIER | BB2: CP01G000010 | BC2: CP01G000010 | BD2: transcript | BE2: CP01G000010.mRNA1 | BF2: protein_coding | BG2: c.*1370G>A | BH2: 1370
A3: 1 | B3: 31410 | C3: 1__31410 | D3: A | E3: =VLOOKUP(C3,significant_snps!#REF!,6,FALSE) -> #REF! | F3: ANN=C | G3: synonymous_variant | H3: LOW | I3: CP01G000011 | J3: cgd_1g110 | K3: CP01G000011 | L3: hypothetical protein | M3: CP01G000011.mRNA1 | N3: protein_coding | O3: 1/1 | P3: c.1098A>C | Q3: p.Leu366Leu | R3: 1098/1221 | S3: 1098/1221 | T3: 366/406 | U3: ,C | V3: upstream_gene_variant | W3: MODIFIER | X3: CP01G000009 | Y3: CP01G000009 | Z3: transcript | AA3: CP01G000009.mRNA1 | AB3: protein_coding | AC3: c.-4978T>G | AD3: 4978 | AE3: ,C | AF3: upstream_gene_variant | AG3: MODIFIER | AH3: CP01G000012 | AI3: CP01G000012 | AJ3: transcript | AK3: CP01G000012.mRNA1 | AL3: protein_coding | AM3: c.-1867A>C | AN3: 1867 | AO3: ,C | AP3: upstream_gene_variant | AQ3: MODIFIER | AR3: CP01G000013 | AS3: CP01G000013 | AT3: transcript | AU3: CP01G000013.mRNA1 | AV3: protein_coding | AW3: c.-3606A>C | AX3: 3606 | AY3: ,C | AZ3: downstream_gene_variant | BA3: MODIFIER | BB3: CP01G000010 | BC3: CP01G000010 | BD3: transcript | BE3: CP01G000010.mRNA1 | BF3: protein_coding | BG3: c.*1676A>C | BH3: 1676
A4: 1 | B4: 40663 | C4: 1__40663 | D4: G | E4: =VLOOKUP(C4,significant_snps!#REF!,6,FALSE) -> #REF! | F4: ANN=A | G4: missense_variant | H4: MODERATE | I4: CP01G000014 | J4: cgd_1g140 | K4: CP01G000014 | L4: hypothetical protein | M4: CP01G000014.mRNA1 | N4: protein_coding | O4: 1/1 | P4: c.2533G>A | Q4: p.Ala845Thr | R4: 2533/2892 | S4: 2533/2892 | T4: 845/963 | U4: ,A | V4: upstream_gene_variant | W4: MODIFIER | X4: CP01G000015 | Y4: CP01G000015 | Z4: transcript | AA4: CP01G000015.mRNA1 | AB4: protein_coding | AC4: c.-4120G>A | AD4: 4120 | AE4: ,A | AF4: downstream_gene_variant | AG4: MODIFIER | AH4: CP01G000013 | AI4: CP01G000013 | AJ4: transcript | AK4: CP01G000013.mRNA1 | AL4: protein_coding | AM4: c.*3578G>A | AN4: 3578
A5: 1 | B5: 52322 | C5: 1__52322 | D5: C | E5: =VLOOKUP(C5,significant_snps!#REF!,6,FALSE) -> #REF! | F5: ANN=A | G5: upstream_gene_variant | H5: MODIFIER | I5: CP01G000017 | J5: cgd_1g170 | K5: CP01G000017 | L5: hypothetical protein | M5: CP01G000017.mRNA1 | N5: protein_coding | O5: c.-2714C>A | P5: 2714 | Q5: ,A | R5: upstream_gene_variant | S5: MODIFIER | T5: CP01G000018 | U5: CP01G000018 | V5: transcript | W5: CP01G000018.mRNA1 | X5: protein_coding | Y5: c.-4041C>A | Z5: 4041 | AA5: ,A | AB5: downstream_gene_variant | AC5: MODIFIER | AD5: CP01G000015 | AE5: CP01G000015 | AF5: transcript | AG5: CP01G000015.mRNA1 | AH5: protein_coding | AI5: c.*4546C>A | AJ5: 4546 | AK5: ,A | AL5: downstream_gene_variant | AM5: MODIFIER | AN5: CP01G000016 | AO5: CP01G000016 | AP5: transcript | AQ5: CP01G000016.mRNA1 | AR5: protein_coding | AS5: c.*1276C>A | AT5: 1276 | AU5: ,A | AV5: intergenic_region | AW5: MODIFIER | AX5: CP01G000016-CP01G000017 | AY5: CP01G000016-CP01G000017 | AZ5: intergenic_region | BA5: CP01G000016-CP01G000017 | BB5: n.52322C>A
A6: 1 | B6: 73671 | C6: 1__73671 | D6: G | E6: =VLOOKUP(C6,significant_snps!#REF!,6,FALSE) -> #REF! | F6: ANN=A | G6: synonymous_variant | H6: LOW | I6: CP01G000031 | J6: cgd_1g300 | K6: CP01G000031 | L6: 40S ribosomal protein S21 | M6: CP01G000031.mRNA1 | N6: protein_coding | O6: 2/2 | P6: c.171C>T | Q6: p.Ala57Ala | R6: 171/249 | S6: 171/249 | T6: 57/82 | U6: ,A | V6: upstream_gene_variant | W6: MODIFIER | X6: CP01G000027 | Y6: CP01G000027 | Z6: transcript | AA6: CP01G000027.mRNA1 | AB6: protein_coding | AC6: c.-4118C>T | AD6: 4118 | AE6: ,A | AF6: upstream_gene_variant | AG6: MODIFIER | AH6: CP01G000029 | AI6: CP01G000029 | AJ6: transcript | AK6: CP01G000029.mRNA1 | AL6: protein_coding | AM6: c.-1803C>T | AN6: 1803 | AO6: ,A | AP6: downstream_gene_variant | AQ6: MODIFIER | AR6: CP01G000028 | AS6: CP01G000028 | AT6: transcript | AU6: CP01G000028.mRNA1 | AV6: protein_coding | AW6: c.*2947G>A | AX6: 2947 | AY6: ,A | AZ6: downstream_gene_variant | BA6: MODIFIER | BB6: CP01G000030 | BC6: CP01G000030 | BD6: transcript | BE6: CP01G000030.mRNA1 | BF6: protein_coding | BG6: c.*175G>A | BH6: 175 | BI6: ,A | BJ6: downstream_gene_variant | BK6: MODIFIER | BL6: CP01G000032 | BM6: CP01G000032 | BN6: transcript | BO6: CP01G000032.mRNA1 | BP6: protein_coding | BQ6: c.*602C>T | BR6: 602 | BS6: ,A | BT6: downstream_gene_variant | BU6: MODIFIER | BV6: CP01G000033 | BW6: CP01G000033 | BX6: transcript | BY6: CP01G000033.mRNA1 | BZ6: protein_coding | CA6: c.*1907C>T | CB6: 1907 | CC6: ,A | CD6: downstream_gene_variant | CE6: MODIFIER | CF6: CP01G000034 | CG6: CP01G000034 | CH6: transcript | CI6: CP01G000034.mRNA1 | CJ6: protein_coding | CK6: c.*4737C>T | CL6: 4737 | DB6: c.*1907C>T | DG6: 1907 | DH6: ,A | DI6: downstream_gene_variant | DJ6: MODIFIER | DK6: CP01G000034 | DL6: CP01G000034 | DM6: transcript | DN6: CP01G000034.mRNA1 | DO6: protein_coding | DQ6: c.*4737C>T | DV6: 4737
A7: 1 | B7: 74017 | C7: 1__74017 | D7: G | E7: =VLOOKUP(C7,significant_snps!#REF!,6,FALSE) -> #REF! | F7: ANN=A | G7: upstream_gene_variant | H7: MODIFIER | I7: CP01G000027 | J7: cgd_1g260 | K7: CP01G000027 | L7: putative signal peptide-containing secreted | M7: CP01G000027.mRNA1 | N7: protein_coding | O7: c.-4464C>T | P7: 4464 | Q7: ,A | R7: upstream_gene_variant | S7: MODIFIER | T7: CP01G000029 | U7: CP01G000029 | V7: transcript | W7: CP01G000029.mRNA1 | X7: protein_coding | Y7: c.-2149C>T | Z7: 2149 | AA7: ,A | AB7: upstream_gene_variant | AC7: MODIFIER | AD7: CP01G000031 | AE7: CP01G000031 | AF7: transcript | AG7: CP01G000031.mRNA1 | AH7: protein_coding | AI7: c.-81C>T | AJ7: 81 | AK7: ,A | AL7: downstream_gene_variant | AM7: MODIFIER | AN7: CP01G000028 | AO7: CP01G000028 | AP7: transcript | AQ7: CP01G000028.mRNA1 | AR7: protein_coding | AS7: c.*3293G>A | AT7: 3293 | AU7: ,A | AV7: downstream_gene_variant | AW7: MODIFIER | AX7: CP01G000030 | AY7: CP01G000030 | AZ7: transcript | BA7: CP01G000030.mRNA1 | BB7: protein_coding | BC7: c.*521G>A | BD7: 521 | BE7: ,A | BF7: downstream_gene_variant | BG7: MODIFIER | BH7: CP01G000032 | BI7: CP01G000032 | BJ7: transcript | BK7: CP01G000032.mRNA1 | BL7: protein_coding | BM7: c.*256C>T | BN7: 256 | BO7: ,A | BP7: downstream_gene_variant | BQ7: MODIFIER | BR7: CP01G000033 | BS7: CP01G000033 | BT7: transcript | BU7: CP01G000033.mRNA1 | BV7: protein_coding | BW7: c.*1561C>T | BX7: 1561 | BY7: ,A | BZ7: downstream_gene_variant | CA7: MODIFIER | CB7: CP01G000034 | CC7: CP01G000034 | CD7: transcript | CE7: CP01G000034.mRNA1 | CF7: protein_coding | CG7: c.*4391C>T | CH7: 4391 | CI7: ,A | CJ7: intergenic_region | CK7: MODIFIER | CL7: CP01G000031-CP01G000032 | CM7: CP01G000031-CP01G000032 | CN7: intergenic_region | CO7: CP01G000031-CP01G000032 | CP7: n.74017G>A | DB7: c.*1561C>T | DG7: 1561 | DH7: ,A | DI7: downstream_gene_variant | DJ7: MODIFIER | DK7: CP01G000034 | DL7: CP01G000034 | DM7: transcript | DN7: CP01G000034.mRNA1 | DO7: protein_coding | DQ7: c.*4391C>T | DV7: 4391 | DW7: ,A | DX7: intergenic_region | DY7: MODIFIER | DZ7: CP01G000031-CP01G000032 | EA7: CP01G000031-CP01G000032 | EB7: intergenic_region | EC7: CP01G000031-CP01G000032 | EF7: n.74017G>A
A8: 1 | B8: 82174 | C8: 1__82174 | D8: G | E8: =VLOOKUP(C8,significant_snps!#REF!,6,FALSE) -> #REF! | F8: ANN=A | G8: synonymous_variant | H8: LOW | I8: CP01G000035 | J8: cgd_1g340 | K8: CP01G000035 | L8: hypothetical protein | M8: CP01G000035.mRNA1 | N8: protein_coding | O8: 1/1 | P8: c.504G>A | Q8: p.Val168Val | R8: 504/1194 | S8: 504/1194 | T8: 168/397 | U8: ,A | V8: upstream_gene_variant | W8: MODIFIER | X8: CP01G000033 | Y8: CP01G000033 | Z8: transcript | AA8: CP01G000033.mRNA1 | AB8: protein_coding | AC8: c.-4848C>T | AD8: 4848 | AE8: ,A | AF8: upstream_gene_variant | AG8: MODIFIER | AH8: CP01G000034 | AI8: CP01G000034 | AJ8: transcript | AK8: CP01G000034.mRNA1 | AL8: protein_coding | AM8: c.-1322C>T | AN8: 1322 | AO8: ,A | AP8: upstream_gene_variant | AQ8: MODIFIER | AR8: CP01G000036 | AS8: CP01G000036 | AT8: transcript | AU8: CP01G000036.mRNA1 | AV8: protein_coding | AW8: c.-1343G>A | AX8: 1343 | AY8: ,A | AZ8: downstream_gene_variant | BA8: MODIFIER | BB8: CP01G000037 | BC8: CP01G000037 | BD8: transcript | BE8: CP01G000037.mRNA1 | BF8: protein_coding | BG8: c.*4536C>T | BH8: 4536
A9: 1 | B9: 83228 | C9: 1__83228 | D9: C | E9: =VLOOKUP(C9,significant_snps!#REF!,6,FALSE) -> #REF! | F9: ANN=A | G9: upstream_gene_variant | H9: MODIFIER | I9: CP01G000034 | J9: cgd_1g330 | K9: CP01G000034 | L9: CDC48-like AAA ATPase | M9: CP01G000034.mRNA1 | N9: protein_coding | O9: c.-2376G>T | P9: 2376 | Q9: ,A | R9: upstream_gene_variant | S9: MODIFIER | T9: CP01G000036 | U9: CP01G000036 | V9: transcript | W9: CP01G000036.mRNA1 | X9: protein_coding | Y9: c.-289C>A | Z9: 289 | AA9: ,A | AB9: downstream_gene_variant | AC9: MODIFIER | AD9: CP01G000035 | AE9: CP01G000035 | AF9: transcript | AG9: CP01G000035.mRNA1 | AH9: protein_coding | AI9: c.*364C>A | AJ9: 364 | AK9: ,A | AL9: downstream_gene_variant | AM9: MODIFIER | AN9: CP01G000037 | AO9: CP01G000037 | AP9: transcript | AQ9: CP01G000037.mRNA1 | AR9: protein_coding | AS9: c.*3482G>T | AT9: 3482 | AU9: ,A | AV9: intergenic_region | AW9: MODIFIER | AX9: CP01G000035-CP01G000036 | AY9: CP01G000035-CP01G000036 | AZ9: intergenic_region | BA9: CP01G000035-CP01G000036 | BB9: n.83228C>A
A10: 1 | B10: 83264 | C10: 1__83264 | D10: T | E10: =VLOOKUP(C10,significant_snps!#REF!,6,FALSE) -> #REF! | F10: ANN=C | G10: upstream_gene_variant | H10: MODIFIER | I10: CP01G000034 | J10: cgd_1g330 | K10: CP01G000034 | L10: CDC48-like AAA ATPase | M10: CP01G000034.mRNA1 | N10: protein_coding | O10: c.-2412A>G | P10: 2412 | Q10: ,C | R10: upstream_gene_variant | S10: MODIFIER | T10: CP01G000036 | U10: CP01G000036 | V10: transcript | W10: CP01G000036.mRNA1 | X10: protein_coding | Y10: c.-253T>C | Z10: 253 | AA10: ,C | AB10: downstream_gene_variant | AC10: MODIFIER | AD10: CP01G000035 | AE10: CP01G000035 | AF10: transcript | AG10: CP01G000035.mRNA1 | AH10: protein_coding | AI10: c.*400T>C | AJ10: 400 | AK10: ,C | AL10: downstream_gene_variant | AM10: MODIFIER | AN10: CP01G000037 | AO10: CP01G000037 | AP10: transcript | AQ10: CP01G000037.mRNA1 | AR10: protein_coding | AS10: c.*3446A>G | AT10: 3446 | AU10: ,C | AV10: intergenic_region | AW10: MODIFIER | AX10: CP01G000035-CP01G000036 | AY10: CP01G000035-CP01G000036 | AZ10: intergenic_region | BA10: CP01G000035-CP01G000036 | BB10: n.83264T>C
A11: 1 | B11: 84317 | C11: 1__84317 | D11: C | E11: =VLOOKUP(C11,significant_snps!#REF!,6,FALSE) -> #REF! | F11: ANN=T | G11: synonymous_variant | H11: LOW | I11: CP01G000036 | J11: cgd_1g350 | K11: CP01G000036 | L11: hypothetical protein | M11: CP01G000036.mRNA1 | N11: protein_coding | O11: 1/1 | P11: c.801C>T | Q11: p.Ser267Ser | R11: 801/1710 | S11: 801/1710 | T11: 267/569 | U11: ,T | V11: upstream_gene_variant | W11: MODIFIER | X11: CP01G000034 | Y11: CP01G000034 | Z11: transcript | AA11: CP01G000034.mRNA1 | AB11: protein_coding | AC11: c.-3465G>A | AD11: 3465 | AE11: ,T | AF11: downstream_gene_variant | AG11: MODIFIER | AH11: CP01G000035 | AI11: CP01G000035 | AJ11: transcript | AK11: CP01G000035.mRNA1 | AL11: protein_coding | AM11: c.*1453C>T | AN11: 1453 | AO11: ,T | AP11: downstream_gene_variant | AQ11: MODIFIER | AR11: CP01G000037 | AS11: CP01G000037 | AT11: transcript | AU11: CP01G000037.mRNA1 | AV11: protein_coding | AW11: c.*2393G>A | AX11: 2393
A12: 1 | B12: 85211 | C12: 1__85211 | D12: A | E12: =VLOOKUP(C12,significant_snps!#REF!,6,FALSE) -> #REF! | F12: ANN=G | G12: synonymous_variant | H12: LOW | I12: CP01G000036 | J12: cgd_1g350 | K12: CP01G000036 | L12: hypothetical protein | M12: CP01G000036.mRNA1 | N12: protein_coding | O12: 1/1 | P12: c.1695A>G | Q12: p.Pro565Pro | R12: 1695/1710 | S12: 1695/1710 | T12: 565/569 | U12: ,G | V12: upstream_gene_variant | W12: MODIFIER | X12: CP01G000034 | Y12: CP01G000034 | Z12: transcript | AA12: CP01G000034.mRNA1 | AB12: protein_coding | AC12: c.-4359T>C | AD12: 4359 | AE12: ,G | AF12: downstream_gene_variant | AG12: MODIFIER | AH12: CP01G000035 | AI12: CP01G000035 | AJ12: transcript | AK12: CP01G000035.mRNA1 | AL12: protein_coding | AM12: c.*2347A>G | AN12: 2347 | AO12: ,G | AP12: downstream_gene_variant | AQ12: MODIFIER | AR12: CP01G000037 | AS12: CP01G000037 | AT12: transcript | AU12: CP01G000037.mRNA1 | AV12: protein_coding | AW12: c.*1499T>C | AX12: 1499 | AY12: ,G | AZ12: downstream_gene_variant | BA12: MODIFIER | BB12: CP01G000038 | BC12: CP01G000038 | BD12: transcript | BE12: CP01G000038.mRNA1 | BF12: protein_coding | BG12: c.*4226T>C | BH12: 4226
A13: 1 | B13: 85278 | C13: 1__85278 | D13: A | E13: =VLOOKUP(C13,significant_snps!#REF!,6,FALSE) -> #REF! | F13: ANN=T | G13: upstream_gene_variant | H13: MODIFIER | I13: CP01G000034 | J13: cgd_1g330 | K13: CP01G000034 | L13: CDC48-like AAA ATPase | M13: CP01G000034.mRNA1 | N13: protein_coding | O13: c.-4426T>A | P13: 4426 | Q13: ,T | R13: downstream_gene_variant | S13: MODIFIER | T13: CP01G000035 | U13: CP01G000035 | V13: transcript | W13: CP01G000035.mRNA1 | X13: protein_coding | Y13: c.*2414A>T | Z13: 2414 | AA13: ,T | AB13: downstream_gene_variant | AC13: MODIFIER | AD13: CP01G000036 | AE13: CP01G000036 | AF13: transcript | AG13: CP01G000036.mRNA1 | AH13: protein_coding | AI13: c.*52A>T | AJ13: 52 | AK13: ,T | AL13: downstream_gene_variant | AM13: MODIFIER | AN13: CP01G000037 | AO13: CP01G000037 | AP13: transcript | AQ13: CP01G000037.mRNA1 | AR13: protein_coding | AS13: c.*1432T>A | AT13: 1432 | AU13: ,T | AV13: downstream_gene_variant | AW13: MODIFIER | AX13: CP01G000038 | AY13: CP01G000038 | AZ13: transcript | BA13: CP01G000038.mRNA1 | BB13: protein_coding | BC13: c.*4159T>A | BD13: 4159 | BE13: ,T | BF13: intergenic_region | BG13: MODIFIER | BH13: CP01G000036-CP01G000037 | BI13: CP01G000036-CP01G000037 | BJ13: intergenic_region | BK13: CP01G000036-CP01G000037 | BL13: n.85278A>T
A14: 1 | B14: 87126 | C14: 1__87126 | D14: T | E14: =VLOOKUP(C14,significant_snps!#REF!,6,FALSE) -> #REF! | F14: ANN=C | G14: missense_variant | H14: MODERATE | I14: CP01G000037 | J14: cgd_1g360 | K14: CP01G000037 | L14: hypothetical protein | M14: CP01G000037.mRNA1 | N14: protein_coding | O14: 1/1 | P14: c.2095A>G | Q14: p.Asn699Asp | R14: 2095/2511 | S14: 2095/2511 | T14: 699/836 | U14: ,C | V14: downstream_gene_variant | W14: MODIFIER | X14: CP01G000035 | Y14: CP01G000035 | Z14: transcript | AA14: CP01G000035.mRNA1 | AB14: protein_coding | AC14: c.*4262T>C | AD14: 4262 | AE14: ,C | AF14: downstream_gene_variant | AG14: MODIFIER | AH14: CP01G000036 | AI14: CP01G000036 | AJ14: transcript | AK14: CP01G000036.mRNA1 | AL14: protein_coding | AM14: c.*1900T>C | AN14: 1900 | AO14: ,C | AP14: downstream_gene_variant | AQ14: MODIFIER | AR14: CP01G000038 | AS14: CP01G000038 | AT14: transcript | AU14: CP01G000038.mRNA1 | AV14: protein_coding | AW14: c.*2311A>G | AX14: 2311
A15: 1 | B15: 107180 | C15: 1__107180 | D15: G | E15: =VLOOKUP(C15,significant_snps!#REF!,6,FALSE) -> #REF! | F15: ANN=A | G15: synonymous_variant | H15: LOW | I15: CP01G000048 | J15: cgd_1g470 | K15: CP01G000048 | L15: mucin-like protein | M15: CP01G000048.mRNA1 | N15: protein_coding | O15: 1/1 | P15: c.555G>A | Q15: p.Lys185Lys | R15: 555/2778 | S15: 555/2778 | T15: 185/925 | U15: ,A | V15: upstream_gene_variant | W15: MODIFIER | X15: CP01G000046 | Y15: CP01G000046 | Z15: transcript | AA15: CP01G000046.mRNA1 | AB15: protein_coding | AC15: c.-3760C>T | AD15: 3760 | AE15: ,A | AF15: upstream_gene_variant | AG15: MODIFIER | AH15: CP01G000047 | AI15: CP01G000047 | AJ15: transcript | AK15: CP01G000047.mRNA1 | AL15: protein_coding | AM15: c.-1613C>T | AN15: 1613 | AO15: ,A | AP15: downstream_gene_variant | AQ15: MODIFIER | AR15: CP01G000049 | AS15: CP01G000049 | AT15: transcript | AU15: CP01G000049.mRNA1 | AV15: protein_coding | AW15: c.*3375C>T | AX15: 3375 | AY15: ,A | AZ15: downstream_gene_variant | BA15: MODIFIER | BB15: CP01G000050 | BC15: CP01G000050 | BD15: transcript | BE15: CP01G000050.mRNA1 | BF15: protein_coding | BG15: c.*3872C>T | BH15: 3872
A16: 1 | B16: 109428 | C16: 1__109428 | D16: T | E16: =VLOOKUP(C16,significant_snps!#REF!,6,FALSE) -> #REF! | F16: ANN=A | G16: upstream_gene_variant | H16: MODIFIER | I16: CP01G000047 | J16: cgd_1g460 | K16: CP01G000047 | L16: hypothetical protein | M16: CP01G000047.mRNA1 | N16: protein_coding | O16: c.-3861A>T | P16: 3861 | Q16: ,A | R16: upstream_gene_variant | S16: MODIFIER | T16: CP01G000051 | U16: CP01G000051 | V16: transcript | W16: CP01G000051.mRNA1 | X16: protein_coding | Y16: c.-3749T>A | Z16: 3749 | AA16: ,A | AB16: downstream_gene_variant | AC16: MODIFIER | AD16: CP01G000048 | AE16: CP01G000048 | AF16: transcript | AG16: CP01G000048.mRNA1 | AH16: protein_coding | AI16: c.*25T>A | AJ16: 25 | AK16: ,A | AL16: downstream_gene_variant | AM16: MODIFIER | AN16: CP01G000049 | AO16: CP01G000049 | AP16: transcript | AQ16: CP01G000049.mRNA1 | AR16: protein_coding | AS16: c.*1127A>T | AT16: 1127 | AU16: ,A | AV16: downstream_gene_variant | AW16: MODIFIER | AX16: CP01G000050 | AY16: CP01G000050 | AZ16: transcript | BA16: CP01G000050.mRNA1 | BB16: protein_coding | BC16: c.*1624A>T | BD16: 1624 | BE16: ,A | BF16: intergenic_region | BG16: MODIFIER | BH16: CP01G000048-CP01G000049 | BI16: CP01G000048-CP01G000049 | BJ16: intergenic_region | BK16: CP01G000048-CP01G000049 | BL16: n.109428T>A
A17: 1 | B17: 132074 | C17: 1__132074 | D17: T | E17: =VLOOKUP(C17,significant_snps!#REF!,6,FALSE) -> #REF! | F17: ANN=A | G17: missense_variant | H17: MODERATE | I17: CP01G000058 | J17: cgd_1g560 | K17: CP01G000058 | L17: hypothetical protein | M17: CP01G000058.mRNA1 | N17: protein_coding | O17: 3/4 | P17: c.313T>A | Q17: p.Cys105Ser | R17: 313/1170 | S17: 313/1170 | T17: 105/389 | U17: ,A | V17: downstream_gene_variant | W17: MODIFIER | X17: CP01G000057 | Y17: CP01G000057 | Z17: transcript | AA17: CP01G000057.mRNA1 | AB17: protein_coding | AC17: c.*899T>A | AD17: 899 | AE17: ,A | AF17: downstream_gene_variant | AG17: MODIFIER | AH17: CP01G000059 | AI17: CP01G000059 | AJ17: transcript | AK17: CP01G000059.mRNA1 | AL17: protein_coding | AM17: c.*1105A>T | AN17: 1105 | AO17: ,A | AP17: downstream_gene_variant | AQ17: MODIFIER | AR17: CP01G000060 | AS17: CP01G000060 | AT17: transcript | AU17: CP01G000060.mRNA1 | AV17: protein_coding | AW17: c.*3350A>T | AX17: 3350
A18: 1 | B18: 136286 | C18: 1__136286 | D18: G | E18: =VLOOKUP(C18,significant_snps!#REF!,6,FALSE) -> #REF! | F18: ANN=A | G18: missense_variant | H18: MODERATE | I18: CP01G000060 | J18: cgd_1g580 | K18: CP01G000060 | L18: dynamin-like protein | M18: CP01G000060.mRNA1 | N18: protein_coding | O18: 2/2 | P18: c.1592C>T | Q18: p.Ala531Val | R18: 1592/2454 | S18: 1592/2454 | T18: 531/817 | U18: ,A | V18: upstream_gene_variant | W18: MODIFIER | X18: CP01G000059 | Y18: CP01G000059 | Z18: transcript | AA18: CP01G000059.mRNA1 | AB18: protein_coding | AC18: c.-2403C>T | AD18: 2403 | AE18: ,A | AF18: downstream_gene_variant | AG18: MODIFIER | AH18: CP01G000058 | AI18: CP01G000058 | AJ18: transcript | AK18: CP01G000058.mRNA1 | AL18: protein_coding | AM18: c.*3299G>A | AN18: 3299 | AO18: ,A | AP18: downstream_gene_variant | AQ18: MODIFIER | AR18: CP01G000061 | AS18: CP01G000061 | AT18: transcript | AU18: CP01G000061.mRNA1 | AV18: protein_coding | AW18: c.*2780C>T | AX18: 2780
A19: 1 | B19: 303924 | C19: 1__303924 | D19: C | E19: =VLOOKUP(C19,significant_snps!#REF!,6,FALSE) -> #REF! | F19: ANN=T | G19: upstream_gene_variant | H19: MODIFIER | I19: CP01G000127 | J19: cgd_1g1230 | K19: CP01G000127 | L19: putative signal peptide-containing secreted | M19: CP01G000127.mRNA1 | N19: protein_coding | O19: c.-75G>A | P19: 75 | Q19: ,T | R19: upstream_gene_variant | S19: MODIFIER | T19: CP01G000129 | U19: CP01G000129 | V19: transcript | W19: CP01G000129.mRNA1 | X19: protein_coding | Y19: c.-2452C>T | Z19: 2452 | AA19: ,T | AB19: downstream_gene_variant | AC19: MODIFIER | AD19: CP01G000126 | AE19: CP01G000126 | AF19: transcript | AG19: CP01G000126.mRNA1 | AH19: protein_coding | AI19: c.*3477C>T | AJ19: 3477 | AK19: ,T | AL19: downstream_gene_variant | AM19: MODIFIER | AN19: CP01G000128 | AO19: CP01G000128 | AP19: transcript | AQ19: CP01G000128.mRNA1 | AR19: protein_coding | AS19: c.*537G>A | AT19: 537 | AU19: ,T | AV19: intergenic_region | AW19: MODIFIER | AX19: CP01G000127-CP01G000128 | AY19: CP01G000127-CP01G000128 | AZ19: intergenic_region | BA19: CP01G000127-CP01G000128 | BB19: n.303924C>T
A20: 1 | B20: 698027 | C20: 1__698027 | D20: C | E20: =VLOOKUP(C20,significant_snps!#REF!,6,FALSE) -> #REF! | F20: ANN=A | G20: missense_variant | H20: MODERATE | I20: CP01G000325 | J20: cgd_1g3160 | K20: CP01G000325 | L20: mRNA 3' end processing protein RNA14 | M20: CP01G000325.mRNA1 | N20: protein_coding | O20: 1/1 | P20: c.3044C>A | Q20: p.Thr1015Asn | R20: 3044/4356 | S20: 3044/4356 | T20: 1015/1451 | U20: ,A | V20: upstream_gene_variant | W20: MODIFIER | X20: CP01G000324 | Y20: CP01G000324 | Z20: transcript | AA20: CP01G000324.mRNA1 | AB20: protein_coding | AC20: c.-4538G>T | AD20: 4538 | AE20: ,A | AF20: downstream_gene_variant | AG20: MODIFIER | AH20: CP01G000326 | AI20: CP01G000326 | AJ20: transcript | AK20: CP01G000326.mRNA1 | AL20: protein_coding | AM20: c.*1514G>T | AN20: 1514
A21: 1 | B21: 715530 | C21: 1__715530 | D21: T | E21: =VLOOKUP(C21,significant_snps!#REF!,6,FALSE) -> #REF! | F21: ANN=C | G21: missense_variant | H21: MODERATE | I21: CP01G000331 | J21: cgd_1g3220 | K21: CP01G000331 | L21: erythrocyte membrane-associated antigen | M21: CP01G000331.mRNA1 | N21: protein_coding | O21: 1/1 | P21: c.1849A>G | Q21: p.Ser617Gly | R21: 1849/2022 | S21: 1849/2022 | T21: 617/673 | U21: ,C | V21: upstream_gene_variant | W21: MODIFIER | X21: CP01G000332 | Y21: CP01G000332 | Z21: transcript | AA21: CP01G000332.mRNA1 | AB21: protein_coding | AC21: c.-3475T>C | AD21: 3475 | AE21: ,C | AF21: downstream_gene_variant | AG21: MODIFIER | AH21: CP01G000330 | AI21: CP01G000330 | AJ21: transcript | AK21: CP01G000330.mRNA1 | AL21: protein_coding | AM21: c.*791T>C | AN21: 791
A22: 1 | B22: 732150 | C22: 1__732150 | D22: G | E22: =VLOOKUP(C22,significant_snps!#REF!,6,FALSE) -> #REF! | F22: ANN=A | G22: missense_variant | H22: MODERATE | I22: CP01G000334 | J22: cgd_1g3250 | K22: CP01G000334 | L22: hypothetical protein | M22: CP01G000334.mRNA1 | N22: protein_coding | O22: 1/1 | P22: c.291G>A | Q22: p.Met97Ile | R22: 291/726 | S22: 291/726 | T22: 97/241 | U22: ,A | V22: upstream_gene_variant | W22: MODIFIER | X22: CP01G000333 | Y22: CP01G000333 | Z22: transcript | AA22: CP01G000333.mRNA1 | AB22: protein_coding | AC22: c.-787C>T | AD22: 787 | AE22: ,A | AF22: upstream_gene_variant | AG22: MODIFIER | AH22: CP01G000337 | AI22: CP01G000337 | AJ22: transcript | AK22: CP01G000337.mRNA1 | AL22: protein_coding | AM22: c.-4269G>A | AN22: 4269 | AO22: ,A | AP22: downstream_gene_variant | AQ22: MODIFIER | AR22: CP01G000335 | AS22: CP01G000335 | AT22: transcript | AU22: CP01G000335.mRNA1 | AV22: protein_coding | AW22: c.*838C>T | AX22: 838 | AY22: ,A | AZ22: downstream_gene_variant | BA22: MODIFIER | BB22: CP01G000336 | BC22: CP01G000336 | BD22: transcript | BE22: CP01G000336.mRNA1 | BF22: protein_coding | BG22: c.*2284C>T | BH22: 2284
A23: 1 | B23: 755389 | C23: 1__755389 | D23: A | E23: =VLOOKUP(C23,significant_snps!#REF!,6,FALSE) -> #REF! | F23: ANN=G | G23: upstream_gene_variant | H23: MODIFIER | I23: CP01G000347 | J23: cgd_1g3360 | K23: CP01G000347 | L23: putative AFG1 ATPase-like AAA ATPase | M23: CP01G000347.mRNA1 | N23: protein_coding | O23: c.-3060T>C | P23: 3060 | Q23: ,G | R23: upstream_gene_variant | S23: MODIFIER | T23: CP01G000349 | U23: CP01G000349 | V23: transcript | W23: CP01G000349.mRNA1 | X23: protein_coding | Y23: c.-1033T>C | Z23: 1033 | AA23: ,G | AB23: upstream_gene_variant | AC23: MODIFIER | AD23: CP01G000351 | AE23: CP01G000351 | AF23: transcript | AG23: CP01G000351.mRNA1 | AH23: protein_coding | AI23: c.-1984A>G | AJ23: 1984 | AK23: ,G | AL23: upstream_gene_variant | AM23: MODIFIER | AN23: CP01G000352 | AO23: CP01G000352 | AP23: transcript | AQ23: CP01G000352.mRNA1 | AR23: protein_coding | AS23: c.-3542A>G | AT23: 3542 | AU23: ,G | AV23: upstream_gene_variant | AW23: MODIFIER | AX23: CP01G000353 | AY23: CP01G000353 | AZ23: transcript | BA23: CP01G000353.mRNA1 | BB23: protein_coding | BC23: c.-4810A>G | BD23: 4810 | BE23: ,G | BF23: downstream_gene_variant | BG23: MODIFIER | BH23: CP01G000348 | BI23: CP01G000348 | BJ23: transcript | BK23: CP01G000348.mRNA1 | BL23: protein_coding | BM23: c.*1988A>G | BN23: 1988 | BO23: ,G | BP23: downstream_gene_variant | BQ23: MODIFIER | BR23: CP01G000350 | BS23: CP01G000350 | BT23: transcript | BU23: CP01G000350.mRNA1 | BV23: protein_coding | BW23: c.*181T>C | BX23: 181 | BY23: ,G | BZ23: intergenic_region | CA23: MODIFIER | CB23: CP01G000349-CP01G000350 | CC23: CP01G000349-CP01G000350 | CD23: intergenic_region | CE23: CP01G000349-CP01G000350 | CF23: n.755389A>G | DB23: c.*181T>C | DG23: 181 | DH23: ,G | DI23: intergenic_region | DJ23: MODIFIER | DK23: CP01G000349-CP01G000350 | DL23: CP01G000349-CP01G000350 | DM23: intergenic_region | DN23: CP01G000349-CP01G000350 | DQ23: n.755389A>G
A24: 1 | B24: 758101 | C24: 1__758101 | D24: A | E24: =VLOOKUP(C24,significant_snps!#REF!,6,FALSE) -> #REF! | F24: ANN=T | G24: synonymous_variant | H24: LOW | I24: CP01G000351 | J24: cgd_1g3400 | K24: CP01G000351 | L24: hypothetical protein | M24: CP01G000351.mRNA1 | N24: protein_coding | O24: 1/1 | P24: c.729A>T | Q24: p.Thr243Thr | R24: 729/1152 | S24: 729/1152 | T24: 243/383 | U24: ,T | V24: upstream_gene_variant | W24: MODIFIER | X24: CP01G000349 | Y24: CP01G000349 | Z24: transcript | AA24: CP01G000349.mRNA1 | AB24: protein_coding | AC24: c.-3745T>A | AD24: 3745 | AE24: ,T | AF24: upstream_gene_variant | AG24: MODIFIER | AH24: CP01G000350 | AI24: CP01G000350 | AJ24: transcript | AK24: CP01G000350.mRNA1 | AL24: protein_coding | AM24: c.-1149T>A | AN24: 1149 | AO24: ,T | AP24: upstream_gene_variant | AQ24: MODIFIER | AR24: CP01G000352 | AS24: CP01G000352 | AT24: transcript | AU24: CP01G000352.mRNA1 | AV24: protein_coding | AW24: c.-830A>T | AX24: 830 | AY24: ,T | AZ24: upstream_gene_variant | BA24: MODIFIER | BB24: CP01G000353 | BC24: CP01G000353 | BD24: transcript | BE24: CP01G000353.mRNA1 | BF24: protein_coding | BG24: c.-2098A>T | BH24: 2098 | BI24: ,T | BJ24: upstream_gene_variant | BK24: MODIFIER | BL24: CP01G000354 | BM24: CP01G000354 | BN24: transcript | BO24: CP01G000354.mRNA1 | BP24: protein_coding | BQ24: c.-4378A>T | BR24: 4378 | BS24: ,T | BT24: downstream_gene_variant | BU24: MODIFIER | BV24: CP01G000348 | BW24: CP01G000348 | BX24: transcript | BY24: CP01G000348.mRNA1 | BZ24: protein_coding | CA24: c.*4700A>T | CB24: 4700 | CC24: ,T | CD24: downstream_gene_variant | CE24: MODIFIER | CF24: CP01G000355 | CG24: CP01G000355 | CH24: transcript | CI24: CP01G000355.mRNA1 | CJ24: protein_coding | CK24: c.*4877T>A | CL24: 4877 | DB24: c.*4700A>T | DG24: 4700 | DH24: ,T | DI24: downstream_gene_variant | DJ24: MODIFIER | DK24: CP01G000355 | DL24: CP01G000355 | DM24: transcript | DN24: CP01G000355.mRNA1 | DO24: protein_coding | DQ24: c.*4877T>A | DV24: 4877
A25: 1 | B25: 773113 | C25: 1__773113 | D25: C | E25: =VLOOKUP(C25,significant_snps!#REF!,6,FALSE) -> #REF! | F25: ANN=A | G25: upstream_gene_variant | H25: MODIFIER | I25: CP01G000357 | J25: cgd_1g3460 | K25: CP01G000357 | L25: F-actin capping protein beta subunit | M25: CP01G000357.mRNA1 | N25: protein_coding | O25: c.-4967G>T | P25: 4967 | Q25: ,A | R25: upstream_gene_variant | S25: MODIFIER | T25: CP01G000359 | U25: CP01G000359 | V25: transcript | W25: CP01G000359.mRNA1 | X25: protein_coding | Y25: c.-2209G>T | Z25: 2209 | AA25: ,A | AB25: upstream_gene_variant | AC25: MODIFIER | AD25: CP01G000360 | AE25: CP01G000360 | AF25: transcript | AG25: CP01G000360.mRNA1 | AH25: protein_coding | AI25: c.-917G>T | AJ25: 917 | AK25: ,A | AL25: upstream_gene_variant | AM25: MODIFIER | AN25: CP01G000362 | AO25: CP01G000362 | AP25: transcript | AQ25: CP01G000362.mRNA1 | AR25: protein_coding | AS25: c.-2943C>A | AT25: 2943 | AU25: ,A | AV25: downstream_gene_variant | AW25: MODIFIER | AX25: CP01G000358 | AY25: CP01G000358 | AZ25: transcript | BA25: CP01G000358.mRNA1 | BB25: protein_coding | BC25: c.*3729C>A | BD25: 3729 | BE25: ,A | BF25: downstream_gene_variant | BG25: MODIFIER | BH25: CP01G000361 | BI25: CP01G000361 | BJ25: transcript | BK25: CP01G000361.mRNA1 | BL25: protein_coding | BM25: c.*101G>T | BN25: 101 | BO25: ,A | BP25: intergenic_region | BQ25: MODIFIER | BR25: CP01G000360-CP01G000361 | BS25: CP01G000360-CP01G000361 | BT25: intergenic_region | BU25: CP01G000360-CP01G000361 | BV25: n.773113C>A | DB25: n.773113C>A
A26: 1 | B26: 807015 | C26: 1__807015 | D26: C | E26: =VLOOKUP(C26,significant_snps!#REF!,6,FALSE) -> #REF! | F26: ANN=T | G26: upstream_gene_variant | H26: MODIFIER | I26: CP01G000374 | J26: cgd_1g3620 | K26: CP01G000374 | L26: TAFII55 | M26: CP01G000374.mRNA1 | N26: protein_coding | O26: c.-4108C>T | P26: 4108 | Q26: ,T | R26: downstream_gene_variant | S26: MODIFIER | T26: CP01G000371 | U26: CP01G000371 | V26: transcript | W26: CP01G000371.mRNA1 | X26: protein_coding | Y26: c.*3216C>T | Z26: 3216 | AA26: ,T | AB26: downstream_gene_variant | AC26: MODIFIER | AD26: CP01G000372 | AE26: CP01G000372 | AF26: transcript | AG26: CP01G000372.mRNA1 | AH26: protein_coding | AI26: c.*115C>T | AJ26: 115 | AK26: ,T | AL26: downstream_gene_variant | AM26: MODIFIER | AN26: CP01G000373 | AO26: CP01G000373 | AP26: transcript | AQ26: CP01G000373.mRNA1 | AR26: protein_coding | AS26: c.*92G>A | AT26: 92 | AU26: ,T | AV26: intergenic_region | AW26: MODIFIER | AX26: CP01G000372-CP01G000373 | AY26: CP01G000372-CP01G000373 | AZ26: intergenic_region | BA26: CP01G000372-CP01G000373 | BB26: n.807015C>T
A27: 1 | B27: 814587 | C27: 1__814587 | D27: T | E27: =VLOOKUP(C27,significant_snps!#REF!,6,FALSE) -> #REF! | F27: ANN=C | G27: missense_variant | H27: MODERATE | I27: CP01G000375 | J27: cgd_1g3630 | K27: CP01G000375 | L27: hypothetical protein | M27: CP01G000375.mRNA1 | N27: protein_coding | O27: 1/1 | P27: c.244A>G | Q27: p.Ser82Gly | R27: 244/2220 | S27: 244/2220 | T27: 82/739 | U27: ,C | V27: upstream_gene_variant | W27: MODIFIER | X27: CP01G000373 | Y27: CP01G000373 | Z27: transcript | AA27: CP01G000373.mRNA1 | AB27: protein_coding | AC27: c.-4673A>G | AD27: 4673 | AE27: ,C | AF27: upstream_gene_variant | AG27: MODIFIER | AH27: CP01G000376 | AI27: CP01G000376 | AJ27: transcript | AK27: CP01G000376.mRNA1 | AL27: protein_coding | AM27: c.-686T>C | AN27: 686 | AO27: ,C | AP27: downstream_gene_variant | AQ27: MODIFIER | AR27: CP01G000374 | AS27: CP01G000374 | AT27: transcript | AU27: CP01G000374.mRNA1 | AV27: protein_coding | AW27: c.*2358T>C | AX27: 2358 | AY27: ,C | AZ27: downstream_gene_variant | BA27: MODIFIER | BB27: CP01G000377 | BC27: CP01G000377 | BD27: transcript | BE27: CP01G000377.mRNA1 | BF27: protein_coding | BG27: c.*3016A>G | BH27: 3016 | BI27: ,C | BJ27: downstream_gene_variant | BK27: MODIFIER | BL27: CP01G000378 | BM27: CP01G000378 | BN27: transcript | BO27: CP01G000378.mRNA1 | BP27: protein_coding | BQ27: c.*4375A>G | BR27: 4375
A28: 1 | B28: 844126 | C28: 1__844126 | D28: C | E28: =VLOOKUP(C28,significant_snps!#REF!,6,FALSE) -> #REF! | F28: ANN=T | G28: synonymous_variant | H28: LOW | I28: CP01G000386 | J28: cgd_1g3740 | K28: CP01G000386 | L28: ankyrin repeat protein | M28: CP01G000386.mRNA1 | N28: protein_coding | O28: 1/1 | P28: c.1773C>T | Q28: p.Ala591Ala | R28: 1773/4224 | S28: 1773/4224 | T28: 591/1407 | U28: ,T | V28: upstream_gene_variant | W28: MODIFIER | X28: CP01G000385 | Y28: CP01G000385 | Z28: transcript | AA28: CP01G000385.mRNA1 | AB28: protein_coding | AC28: c.-2176G>A | AD28: 2176 | AE28: ,T | AF28: upstream_gene_variant | AG28: MODIFIER | AH28: CP01G000388 | AI28: CP01G000388 | AJ28: transcript | AK28: CP01G000388.mRNA1 | AL28: protein_coding | AM28: c.-3757C>T | AN28: 3757 | AO28: ,T | AP28: downstream_gene_variant | AQ28: MODIFIER | AR28: CP01G000384 | AS28: CP01G000384 | AT28: transcript | AU28: CP01G000384.mRNA1 | AV28: protein_coding | AW28: c.*4835C>T | AX28: 4835 | AY28: ,T | AZ28: downstream_gene_variant | BA28: MODIFIER | BB28: CP01G000387 | BC28: CP01G000387 | BD28: transcript | BE28: CP01G000387.mRNA1 | BF28: protein_coding | BG28: c.*2698G>A | BH28: 2698
A29: 1 | B29: 855001 | C29: 1__855001 | D29: C | E29: =VLOOKUP(C29,significant_snps!#REF!,6,FALSE) -> #REF! | F29: ANN=T | G29: upstream_gene_variant | H29: MODIFIER | I29: CP01G000390 | J29: cgd_1g3780 | K29: CP01G000390 | L29: ATRX, DEAD-box-like | M29: CP01G000390.mRNA1 | N29: protein_coding | O29: c.-114G>A | P29: 114 | Q29: ,T | R29: upstream_gene_variant | S29: MODIFIER | T29: CP01G000392 | U29: CP01G000392 | V29: transcript | W29: CP01G000392.mRNA1 | X29: protein_coding | Y29: c.-4662C>T | Z29: 4662 | AA29: ,T | AB29: downstream_gene_variant | AC29: MODIFIER | AD29: CP01G000388 | AE29: CP01G000388 | AF29: transcript | AG29: CP01G000388.mRNA1 | AH29: protein_coding | AI29: c.*3639C>T | AJ29: 3639 | AK29: ,T | AL29: downstream_gene_variant | AM29: MODIFIER | AN29: CP01G000389 | AO29: CP01G000389 | AP29: transcript | AQ29: CP01G000389.mRNA1 | AR29: protein_coding | AS29: c.*2681C>T | AT29: 2681 | AU29: ,T | AV29: downstream_gene_variant | AW29: MODIFIER | AX29: CP01G000391 | AY29: CP01G000391 | AZ29: transcript | BA29: CP01G000391.mRNA1 | BB29: protein_coding | BC29: c.*62G>A | BD29: 62 | BE29: ,T | BF29: intergenic_region | BG29: MODIFIER | BH29: CP01G000390-CP01G000391 | BI29: CP01G000390-CP01G000391 | BJ29: intergenic_region | BK29: CP01G000390-CP01G000391 | BL29: n.855001C>T
A30: 2 | B30: 23546 | C30: 2__23546 | D30: T | E30: =VLOOKUP(C30,significant_snps!#REF!,6,FALSE) -> #REF! | F30: ANN=A | G30: missense_variant | H30: MODERATE | I30: CP02G000013 | J30: cgd_2g340 | K30: CP02G000013 | L30: signal peptide-containing protein | M30: CP02G000013.mRNA1 | N30: protein_coding | O30: 1/1 | P30: c.2962A>T | Q30: p.Arg988Trp | R30: 2962/3711 | S30: 2962/3711 | T30: 988/1236 | U30: ,A | V30: downstream_gene_variant | W30: MODIFIER | X30: CP02G000010 | Y30: CP02G000010 | Z30: transcript | AA30: CP02G000010.mRNA1 | AB30: protein_coding | AC30: c.*4445T>A | AD30: 4445 | AE30: ,A | AF30: downstream_gene_variant | AG30: MODIFIER | AH30: CP02G000011 | AI30: CP02G000011 | AJ30: transcript | AK30: CP02G000011.mRNA1 | AL30: protein_coding | AM30: c.*1615T>A | AN30: 1615 | AO30: ,A | AP30: downstream_gene_variant | AQ30: MODIFIER | AR30: CP02G000012 | AS30: CP02G000012 | AT30: transcript | AU30: CP02G000012.mRNA1 | AV30: protein_coding | AW30: c.*996T>A | AX30: 996 | AY30: ,A | AZ30: downstream_gene_variant | BA30: MODIFIER | BB30: CP02G000014 | BC30: CP02G000014 | BD30: transcript | BE30: CP02G000014.mRNA1 | BF30: protein_coding | BG30: c.*3476A>T | BH30: 3476
A31: 2 | B31: 23946 | C31: 2__23946 | D31: T | E31: =VLOOKUP(C31,significant_snps!#REF!,6,FALSE) -> #REF! | F31: ANN=C | G31: synonymous_variant | H31: LOW | I31: CP02G000013 | J31: cgd_2g340 | K31: CP02G000013 | L31: signal peptide-containing protein | M31: CP02G000013.mRNA1 | N31: protein_coding | O31: 1/1 | P31: c.2562A>G | Q31: p.Glu854Glu | R31: 2562/3711 | S31: 2562/3711 | T31: 854/1236 | U31: ,C | V31: upstream_gene_variant | W31: MODIFIER | X31: CP02G000015 | Y31: CP02G000015 | Z31: transcript | AA31: CP02G000015.mRNA1 | AB31: protein_coding | AC31: c.-4868T>C | AD31: 4868 | AE31: ,C | AF31: downstream_gene_variant | AG31: MODIFIER | AH31: CP02G000010 | AI31: CP02G000010 | AJ31: transcript | AK31: CP02G000010.mRNA1 | AL31: protein_coding | AM31: c.*4845T>C | AN31: 4845 | AO31: ,C | AP31: downstream_gene_variant | AQ31: MODIFIER | AR31: CP02G000011 | AS31: CP02G000011 | AT31: transcript | AU31: CP02G000011.mRNA1 | AV31: protein_coding | AW31: c.*2015T>C | AX31: 2015 | AY31: ,C | AZ31: downstream_gene_variant | BA31: MODIFIER | BB31: CP02G000012 | BC31: CP02G000012 | BD31: transcript | BE31: CP02G000012.mRNA1 | BF31: protein_coding | BG31: c.*1396T>C | BH31: 1396 | BI31: ,C | BJ31: downstream_gene_variant | BK31: MODIFIER | BL31: CP02G000014 | BM31: CP02G000014 | BN31: transcript | BO31: CP02G000014.mRNA1 | BP31: protein_coding | BQ31: c.*3076A>G | BR31: 3076
A32: 2 | B32: 40644 | C32: 2__40644 | D32: C | E32: =VLOOKUP(C32,significant_snps!#REF!,6,FALSE) -> #REF! | F32: ANN=T | G32: missense_variant | H32: MODERATE | I32: CP02G000021 | J32: cgd_2g260 | K32: CP02G000021 | L32: hypothetical protein | M32: CP02G000021.mRNA1 | N32: protein_coding | O32: 1/1 | P32: c.636G>A | Q32: p.Met212Ile | R32: 636/657 | S32: 636/657 | T32: 212/218 | U32: ,T | V32: upstream_gene_variant | W32: MODIFIER | X32: CP02G000019 | Y32: CP02G000019 | Z32: transcript | AA32: CP02G000019.mRNA1 | AB32: protein_coding | AC32: c.-2607G>A | AD32: 2607 | AE32: ,T | AF32: upstream_gene_variant | AG32: MODIFIER | AH32: CP02G000020 | AI32: CP02G000020 | AJ32: transcript | AK32: CP02G000020.mRNA1 | AL32: protein_coding | AM32: c.-452G>A | AN32: 452 | AO32: ,T | AP32: upstream_gene_variant | AQ32: MODIFIER | AR32: CP02G000022 | AS32: CP02G000022 | AT32: transcript | AU32: CP02G000022.mRNA1 | AV32: protein_coding | AW32: c.-1294C>T | AX32: 1294 | AY32: ,T | AZ32: downstream_gene_variant | BA32: MODIFIER | BB32: CP02G000018 | BC32: CP02G000018 | BD32: transcript | BE32: CP02G000018.mRNA1 | BF32: protein_coding | BG32: c.*3353C>T | BH32: 3353 | BI32: ,T | BJ32: downstream_gene_variant | BK32: MODIFIER | BL32: CP02G000023 | BM32: CP02G000023 | BN32: transcript | BO32: CP02G000023.mRNA1 | BP32: protein_coding | BQ32: c.*1806G>A | BR32: 1806 | BS32: ,T | BT32: downstream_gene_variant | BU32: MODIFIER | BV32: CP02G000024 | BW32: CP02G000024 | BX32: transcript | BY32: CP02G000024.mRNA1 | BZ32: protein_coding | CA32: c.*3612G>A | CB32: 3612 | DB32: c.*3612G>A | DG32: 3612
A33: 2 | B33: 41909 | C33: 2__41909 | D33: A | E33: =VLOOKUP(C33,significant_snps!#REF!,6,FALSE) -> #REF! | F33: ANN=C | G33: upstream_gene_variant | H33: MODIFIER | I33: CP02G000019 | J33: cgd_2g280 | K33: CP02G000019 | L33: 60S ribosomal protein L15 | M33: CP02G000019.mRNA1 | N33: protein_coding | O33: c.-3872T>G | P33: 3872 | Q33: ,C | R33: upstream_gene_variant | S33: MODIFIER | T33: CP02G000020 | U33: CP02G000020 | V33: transcript | W33: CP02G000020.mRNA1 | X33: protein_coding | Y33: c.-1717T>G | Z33: 1717 | AA33: ,C | AB33: upstream_gene_variant | AC33: MODIFIER | AD33: CP02G000021 | AE33: CP02G000021 | AF33: transcript | AG33: CP02G000021.mRNA1 | AH33: protein_coding | AI33: c.-630T>G | AJ33: 630 | AK33: ,C | AL33: upstream_gene_variant | AM33: MODIFIER | AN33: CP02G000022 | AO33: CP02G000022 | AP33: transcript | AQ33: CP02G000022.mRNA1 | AR33: protein_coding | AS33: c.-29A>C | AT33: 29 | AU33: ,C | AV33: downstream_gene_variant | AW33: MODIFIER | AX33: CP02G000018 | AY33: CP02G000018 | AZ33: transcript | BA33: CP02G000018.mRNA1 | BB33: protein_coding | BC33: c.*4618A>C | BD33: 4618 | BE33: ,C | BF33: downstream_gene_variant | BG33: MODIFIER | BH33: CP02G000023 | BI33: CP02G000023 | BJ33: transcript | BK33: CP02G000023.mRNA1 | BL33: protein_coding | BM33: c.*541T>G | BN33: 541 | BO33: ,C | BP33: downstream_gene_variant | BQ33: MODIFIER | BR33: CP02G000024 | BS33: CP02G000024 | BT33: transcript | BU33: CP02G000024.mRNA1 | BV33: protein_coding | BW33: c.*2347T>G | BX33: 2347 | BY33: ,C | BZ33: intergenic_region | CA33: MODIFIER | CB33: CP02G000021-CP02G000022 | CC33: CP02G000021-CP02G000022 | CD33: intergenic_region | CE33: CP02G000021-CP02G000022 | CF33: n.41909A>C | DB33: c.*2347T>G | DG33: 2347 | DH33: ,C | DI33: intergenic_region | DJ33: MODIFIER | DK33: CP02G000021-CP02G000022 | DL33: CP02G000021-CP02G000022 | DM33: intergenic_region | DN33: CP02G000021-CP02G000022 | DQ33: n.41909A>C
A34: 2 | B34: 55683 | C34: 2__55683 | D34: A | E34: =VLOOKUP(C34,significant_snps!#REF!,6,FALSE) -> #REF! | F34: ANN=G | G34: upstream_gene_variant | H34: MODIFIER | I34: CP02G000025 | J34: cgd_2g220 | K34: CP02G000025 | L34: transcription factor TFIIF | M34: CP02G000025.mRNA1 | N34: protein_coding | O34: c.-4733T>C | P34: 4733 | Q34: ,G | R34: upstream_gene_variant | S34: MODIFIER | T34: CP02G000028 | U34: CP02G000028 | V34: transcript | W34: CP02G000028.mRNA1 | X34: protein_coding | Y34: c.-504T>C | Z34: 504 | AA34: ,G | AB34: upstream_gene_variant | AC34: MODIFIER | AD34: CP02G000029 | AE34: CP02G000029 | AF34: transcript | AG34: CP02G000029.mRNA1 | AH34: protein_coding | AI34: c.-267A>G | AJ34: 267 | AK34: ,G | AL34: upstream_gene_variant | AM34: MODIFIER | AN34: CP02G000031 | AO34: CP02G000031 | AP34: transcript | AQ34: CP02G000031.mRNA1 | AR34: protein_coding | AS34: c.-2319A>G | AT34: 2319 | AU34: ,G | AV34: upstream_gene_variant | AW34: MODIFIER | AX34: CP02G000032 | AY34: CP02G000032 | AZ34: transcript | BA34: CP02G000032.mRNA1 | BB34: protein_coding | BC34: c.-4207A>G | BD34: 4207 | BE34: ,G | BF34: downstream_gene_variant | BG34: MODIFIER | BH34: CP02G000026 | BI34: CP02G000026 | BJ34: transcript | BK34: CP02G000026.mRNA1 | BL34: protein_coding | BM34: c.*2646A>G | BN34: 2646 | BO34: ,G | BP34: downstream_gene_variant | BQ34: MODIFIER | BR34: CP02G000027 | BS34: CP02G000027 | BT34: transcript | BU34: CP02G000027.mRNA1 | BV34: protein_coding | BW34: c.*1104A>G | BX34: 1104 | BY34: ,G | BZ34: downstream_gene_variant | CA34: MODIFIER | CB34: CP02G000030 | CC34: CP02G000030 | CD34: transcript | CE34: CP02G000030.mRNA1 | CF34: protein_coding | CG34: c.*1241T>C | CH34: 1241 | CI34: ,G | CJ34: intergenic_region | CK34: MODIFIER | CL34: CP02G000028-CP02G000029 | CM34: CP02G000028-CP02G000029 | CN34: intergenic_region | CO34: CP02G000028-CP02G000029 | CP34: n.55683A>G | DB34: c.*1104A>G | DG34: 1104 | DH34: ,G | DI34: downstream_gene_variant | DJ34: MODIFIER | DK34: CP02G000030 | DL34: CP02G000030 | DM34: transcript | DN34: CP02G000030.mRNA1 | DO34: protein_coding | DQ34: c.*1241T>C | DV34: 1241 | DW34: ,G | DX34: intergenic_region | DY34: MODIFIER | DZ34: CP02G000028-CP02G000029 | EA34: CP02G000028-CP02G000029 | EB34: intergenic_region | EC34: CP02G000028-CP02G000029 | EF34: n.55683A>G
A35: 2 | B35: 60284 | C35: 2__60284 | D35: T | E35: =VLOOKUP(C35,significant_snps!#REF!,6,FALSE) -> #REF! | F35: ANN=G | G35: missense_variant | H35: MODERATE | I35: CP02G000032 | J35: cgd_2g150 | K35: CP02G000032 | L35: hypothetical protein | M35: CP02G000032.mRNA1 | N35: protein_coding | O35: 1/1 | P35: c.395T>G | Q35: p.Phe132Cys | R35: 395/975 | S35: 395/975 | T35: 132/324 | U35: ,G | V35: upstream_gene_variant | W35: MODIFIER | X35: CP02G000030 | Y35: CP02G000030 | Z35: transcript | AA35: CP02G000030.mRNA1 | AB35: protein_coding | AC35: c.-2965A>C | AD35: 2965 | AE35: ,G | AF35: upstream_gene_variant | AG35: MODIFIER | AH35: CP02G000034 | AI35: CP02G000034 | AJ35: transcript | AK35: CP02G000034.mRNA1 | AL35: protein_coding | AM35: c.-1937T>G | AN35: 1937 | AO35: ,G | AP35: upstream_gene_variant | AQ35: MODIFIER | AR35: CP02G000036 | AS35: CP02G000036 | AT35: transcript | AU35: CP02G000036.mRNA1 | AV35: protein_coding | AW35: c.-4019T>G | AX35: 4019 | AY35: ,G | AZ35: downstream_gene_variant | BA35: MODIFIER | BB35: CP02G000029 | BC35: CP02G000029 | BD35: transcript | BE35: CP02G000029.mRNA1 | BF35: protein_coding | BG35: c.*3732T>G | BH35: 3732 | BI35: ,G | BJ35: downstream_gene_variant | BK35: MODIFIER | BL35: CP02G000031 | BM35: CP02G000031 | BN35: transcript | BO35: CP02G000031.mRNA1 | BP35: protein_coding | BQ35: c.*1203T>G | BR35: 1203 | BS35: ,G | BT35: downstream_gene_variant | BU35: MODIFIER | BV35: CP02G000033 | BW35: CP02G000033 | BX35: transcript | BY35: CP02G000033.mRNA1 | BZ35: protein_coding | CA35: c.*783A>C | CB35: 783 | CC35: ,G | CD35: downstream_gene_variant | CE35: MODIFIER | CF35: CP02G000035 | CG35: CP02G000035 | CH35: transcript | CI35: CP02G000035.mRNA1 | CJ35: protein_coding | CK35: c.*2680A>C | CL35: 2680 | DB35: c.*783A>C | DG35: 783 | DH35: ,G | DI35: downstream_gene_variant | DJ35: MODIFIER | DK35: CP02G000035 | DL35: CP02G000035 | DM35: transcript | DN35: CP02G000035.mRNA1 | DO35: protein_coding | DQ35: c.*2680A>C | DV35: 2680
A36: 2 | B36: 65095 | C36: 2__65095 | D36: C | E36: =VLOOKUP(C36,significant_snps!#REF!,6,FALSE) -> #REF! | F36: ANN=T | G36: synonymous_variant | H36: LOW | I36: CP02G000036 | J36: cgd_2g110 | K36: CP02G000036 | L36: eIF4a-1-like RNA SFII helicase Dbp6p | M36: CP02G000036.mRNA1 | N36: protein_coding | O36: 2/2 | P36: c.726C>T | Q36: p.Pro242Pro | R36: 726/1611 | S36: 726/1611 | T36: 242/536 | U36: ,T | V36: upstream_gene_variant | W36: MODIFIER | X36: CP02G000033 | Y36: CP02G000033 | Z36: transcript | AA36: CP02G000033.mRNA1 | AB36: protein_coding | AC36: c.-3707G>A | AD36: 3707 | AE36: ,T | AF36: upstream_gene_variant | AG36: MODIFIER | AH36: CP02G000035 | AI36: CP02G000035 | AJ36: transcript | AK36: CP02G000035.mRNA1 | AL36: protein_coding | AM36: c.-1787G>A | AN36: 1787 | AO36: ,T | AP36: upstream_gene_variant | AQ36: MODIFIER | AR36: CP02G000037 | AS36: CP02G000037 | AT36: transcript | AU36: CP02G000037.mRNA1 | AV36: protein_coding | AW36: c.-2096C>T | AX36: 2096 | AY36: ,T | AZ36: upstream_gene_variant | BA36: MODIFIER | BB36: CP02G000038 | BC36: CP02G000038 | BD36: transcript | BE36: CP02G000038.mRNA1 | BF36: protein_coding | BG36: c.-4196C>T | BH36: 4196 | BI36: ,T | BJ36: downstream_gene_variant | BK36: MODIFIER | BL36: CP02G000032 | BM36: CP02G000032 | BN36: transcript | BO36: CP02G000032.mRNA1 | BP36: protein_coding | BQ36: c.*4231C>T | BR36: 4231 | BS36: ,T | BT36: downstream_gene_variant | BU36: MODIFIER | BV36: CP02G000034 | BW36: CP02G000034 | BX36: transcript | BY36: CP02G000034.mRNA1 | BZ36: protein_coding | CA36: c.*2536C>T | CB36: 2536 | DB36: c.*2536C>T | DG36: 2536
A37: 2 | B37: 65932 | C37: 2__65932 | D37: G | E37: =VLOOKUP(C37,significant_snps!#REF!,6,FALSE) -> #REF! | F37: ANN=T | G37: missense_variant | H37: MODERATE | I37: CP02G000036 | J37: cgd_2g110 | K37: CP02G000036 | L37: eIF4a-1-like RNA SFII helicase Dbp6p | M37: CP02G000036.mRNA1 | N37: protein_coding | O37: 2/2 | P37: c.1563G>T | Q37: p.Gln521His | R37: 1563/1611 | S37: 1563/1611 | T37: 521/536 | U37: ,T | V37: upstream_gene_variant | W37: MODIFIER | X37: CP02G000033 | Y37: CP02G000033 | Z37: transcript | AA37: CP02G000033.mRNA1 | AB37: protein_coding | AC37: c.-4544C>A | AD37: 4544 | AE37: ,T | AF37: upstream_gene_variant | AG37: MODIFIER | AH37: CP02G000035 | AI37: CP02G000035 | AJ37: transcript | AK37: CP02G000035.mRNA1 | AL37: protein_coding | AM37: c.-2624C>A | AN37: 2624 | AO37: ,T | AP37: upstream_gene_variant | AQ37: MODIFIER | AR37: CP02G000037 | AS37: CP02G000037 | AT37: transcript | AU37: CP02G000037.mRNA1 | AV37: protein_coding | AW37: c.-1259G>T | AX37: 1259 | AY37: ,T | AZ37: upstream_gene_variant | BA37: MODIFIER | BB37: CP02G000038 | BC37: CP02G000038 | BD37: transcript | BE37: CP02G000038.mRNA1 | BF37: protein_coding | BG37: c.-3359G>T | BH37: 3359 | BI37: ,T | BJ37: downstream_gene_variant | BK37: MODIFIER | BL37: CP02G000034 | BM37: CP02G000034 | BN37: transcript | BO37: CP02G000034.mRNA1 | BP37: protein_coding | BQ37: c.*3373G>T | BR37: 3373
A38: 2 | B38: 98233 | C38: 2__98233 | D38: G | E38: =VLOOKUP(C38,significant_snps!#REF!,6,FALSE) -> #REF! | F38: ANN=A | G38: synonymous_variant | H38: LOW | I38: CP02G000045 | J38: CP03G000353 | K38: CP02G000045 | L38: #N/A | M38: CP02G000045.mRNA1 | N38: protein_coding | O38: 1/1 | P38: c.1965C>T | Q38: p.Gly655Gly | R38: 1965/2034 | S38: 1965/2034 | T38: 655/677 | U38: ,A | V38: upstream_gene_variant | W38: MODIFIER | X38: CP02G000044 | Y38: CP02G000044 | Z38: transcript | AA38: CP02G000044.mRNA1 | AB38: protein_coding | AC38: c.-1139C>T | AD38: 1139 | AE38: ,A | AF38: upstream_gene_variant | AG38: MODIFIER | AH38: CP02G000046 | AI38: CP02G000046 | AJ38: transcript | AK38: CP02G000046.mRNA1 | AL38: protein_coding | AM38: c.-3748G>A | AN38: 3748 | AO38: ,A | AP38: downstream_gene_variant | AQ38: MODIFIER | AR38: CP02G000043 | AS38: CP02G000043 | AT38: transcript | AU38: CP02G000043.mRNA1 | AV38: protein_coding | AW38: c.*2729G>A | AX38: 2729
A39: 2 | B39: 98242 | C39: 2__98242 | D39: T | E39: =VLOOKUP(C39,significant_snps!#REF!,6,FALSE) -> #REF! | F39: ANN=A | G39: synonymous_variant | H39: LOW | I39: CP02G000045 | J39: CP03G000353 | K39: CP02G000045 | L39: #N/A | M39: CP02G000045.mRNA1 | N39: protein_coding | O39: 1/1 | P39: c.1956A>T | Q39: p.Gly652Gly | R39: 1956/2034 | S39: 1956/2034 | T39: 652/677 | U39: ,A | V39: upstream_gene_variant | W39: MODIFIER | X39: CP02G000044 | Y39: CP02G000044 | Z39: transcript | AA39: CP02G000044.mRNA1 | AB39: protein_coding | AC39: c.-1148A>T | AD39: 1148 | AE39: ,A | AF39: upstream_gene_variant | AG39: MODIFIER | AH39: CP02G000046 | AI39: CP02G000046 | AJ39: transcript | AK39: CP02G000046.mRNA1 | AL39: protein_coding | AM39: c.-3739T>A | AN39: 3739 | AO39: ,A | AP39: downstream_gene_variant | AQ39: MODIFIER | AR39: CP02G000043 | AS39: CP02G000043 | AT39: transcript | AU39: CP02G000043.mRNA1 | AV39: protein_coding | AW39: c.*2738T>A | AX39: 2738
A40: 2 | B40: 98245 | C40: 2__98245 | D40: A | E40: =VLOOKUP(C40,significant_snps!#REF!,6,FALSE) -> #REF! | F40: ANN=G | G40: synonymous_variant | H40: LOW | I40: CP02G000045 | J40: CP03G000353 | K40: CP02G000045 | L40: #N/A | M40: CP02G000045.mRNA1 | N40: protein_coding | O40: 1/1 | P40: c.1953T>C | Q40: p.Gly651Gly | R40: 1953/2034 | S40: 1953/2034 | T40: 651/677 | U40: ,G | V40: upstream_gene_variant | W40: MODIFIER | X40: CP02G000044 | Y40: CP02G000044 | Z40: transcript | AA40: CP02G000044.mRNA1 | AB40: protein_coding | AC40: c.-1151T>C | AD40: 1151 | AE40: ,G | AF40: upstream_gene_variant | AG40: MODIFIER | AH40: CP02G000046 | AI40: CP02G000046 | AJ40: transcript | AK40: CP02G000046.mRNA1 | AL40: protein_coding | AM40: c.-3736A>G | AN40: 3736 | AO40: ,G | AP40: downstream_gene_variant | AQ40: MODIFIER | AR40: CP02G000043 | AS40: CP02G000043 | AT40: transcript | AU40: CP02G000043.mRNA1 | AV40: protein_coding | AW40: c.*2741A>G | AX40: 2741
A41: 2 | B41: 111770 | C41: 2__111770 | D41: A | E41: =VLOOKUP(C41,significant_snps!#REF!,6,FALSE) -> #REF! | F41: ANN=G | G41: synonymous_variant | H41: LOW | I41: CP02G000048 | J41: cgd_2g490 | K41: CP02G000048 | L41: putative signal peptide protein | M41: CP02G000048.mRNA1 | N41: protein_coding | O41: 1/1 | P41: c.957T>C | Q41: p.Asp319Asp | R41: 957/1137 | S41: 957/1137 | T41: 319/378 | U41: ,G | V41: upstream_gene_variant | W41: MODIFIER | X41: CP02G000047 | Y41: CP02G000047 | Z41: transcript | AA41: CP02G000047.mRNA1 | AB41: protein_coding | AC41: c.-633T>C | AD41: 633 | AE41: ,G | AF41: downstream_gene_variant | AG41: MODIFIER | AH41: CP02G000046 | AI41: CP02G000046 | AJ41: transcript | AK41: CP02G000046.mRNA1 | AL41: protein_coding | AM41: c.*2698A>G | AN41: 2698 | AO41: ,G | AP41: downstream_gene_variant | AQ41: MODIFIER | AR41: CP02G000049 | AS41: CP02G000049 | AT41: transcript | AU41: CP02G000049.mRNA1 | AV41: protein_coding | AW41: c.*1676T>C | AX41: 1676 | AY41: ,G | AZ41: downstream_gene_variant | BA41: MODIFIER | BB41: CP02G000050 | BC41: CP02G000050 | BD41: transcript | BE41: CP02G000050.mRNA1 | BF41: protein_coding | BG41: c.*3471T>C | BH41: 3471
A42: 2 | B42: 113740 | C42: 2__113740 | D42: T | E42: =VLOOKUP(C42,significant_snps!#REF!,6,FALSE) -> #REF! | F42: ANN=C | G42: synonymous_variant | H42: LOW | I42: CP02G000049 | J42: cgd_2g500 | K42: CP02G000049 | L42: hypothetical protein | M42: CP02G000049.mRNA1 | N42: protein_coding | O42: 1/1 | P42: c.1134A>G | Q42: p.Glu378Glu | R42: 1134/1428 | S42: 1134/1428 | T42: 378/475 | U42: ,C | V42: upstream_gene_variant | W42: MODIFIER | X42: CP02G000047 | Y42: CP02G000047 | Z42: transcript | AA42: CP02G000047.mRNA1 | AB42: protein_coding | AC42: c.-2603A>G | AD42: 2603 | AE42: ,C | AF42: upstream_gene_variant | AG42: MODIFIER | AH42: CP02G000048 | AI42: CP02G000048 | AJ42: transcript | AK42: CP02G000048.mRNA1 | AL42: protein_coding | AM42: c.-1014A>G | AN42: 1014 | AO42: ,C | AP42: downstream_gene_variant | AQ42: MODIFIER | AR42: CP02G000046 | AS42: CP02G000046 | AT42: transcript | AU42: CP02G000046.mRNA1 | AV42: protein_coding | AW42: c.*4668T>C | AX42: 4668 | AY42: ,C | AZ42: downstream_gene_variant | BA42: MODIFIER | BB42: CP02G000050 | BC42: CP02G000050 | BD42: transcript | BE42: CP02G000050.mRNA1 | BF42: protein_coding | BG42: c.*1501A>G | BH42: 1501 | BI42: ,C | BJ42: downstream_gene_variant | BK42: MODIFIER | BL42: CP02G000051 | BM42: CP02G000051 | BN42: transcript | BO42: CP02G000051.mRNA1 | BP42: protein_coding | BQ42: c.*3314A>G | BR42: 3314
A43: 2 | B43: 115723 | C43: 2__115723 | D43: C | E43: =VLOOKUP(C43,significant_snps!#REF!,6,FALSE) -> #REF! | F43: ANN=A | G43: missense_variant | H43: MODERATE | I43: CP02G000050 | J43: cgd_2g510 | K43: CP02G000050 | L43: putative coiled coil protein | M43: CP02G000050.mRNA1 | N43: protein_coding | O43: 1/4 | P43: c.882G>T | Q43: p.Met294Ile | R43: 882/1125 | S43: 882/1125 | T43: 294/374 | U43: ,A | V43: upstream_gene_variant | W43: MODIFIER | X43: CP02G000047 | Y43: CP02G000047 | Z43: transcript | AA43: CP02G000047.mRNA1 | AB43: protein_coding | AC43: c.-4586G>T | AD43: 4586 | AE43: ,A | AF43: upstream_gene_variant | AG43: MODIFIER | AH43: CP02G000048 | AI43: CP02G000048 | AJ43: transcript | AK43: CP02G000048.mRNA1 | AL43: protein_coding | AM43: c.-2997G>T | AN43: 2997 | AO43: ,A | AP43: upstream_gene_variant | AQ43: MODIFIER | AR43: CP02G000049 | AS43: CP02G000049 | AT43: transcript | AU43: CP02G000049.mRNA1 | AV43: protein_coding | AW43: c.-850G>T | AX43: 850 | AY43: ,A | AZ43: upstream_gene_variant | BA43: MODIFIER | BB43: CP02G000052 | BC43: CP02G000052 | BD43: transcript | BE43: CP02G000052.mRNA1 | BF43: protein_coding | BG43: c.-3373C>A | BH43: 3373 | BI43: ,A | BJ43: downstream_gene_variant | BK43: MODIFIER | BL43: CP02G000051 | BM43: CP02G000051 | BN43: transcript | BO43: CP02G000051.mRNA1 | BP43: protein_coding | BQ43: c.*1331G>T | BR43: 1331 | BS43: ,A | BT43: downstream_gene_variant | BU43: MODIFIER | BV43: CP02G000053 | BW43: CP02G000053 | BX43: transcript | BY43: CP02G000053.mRNA1 | BZ43: protein_coding | CA43: c.*4981G>T | CB43: 4981 | DB43: c.*4981G>T | DG43: 4981
A44: 2 | B44: 129854 | C44: 2__129854 | D44: A | E44: =VLOOKUP(C44,significant_snps!#REF!,6,FALSE) -> #REF! | F44: ANN=G | G44: missense_variant | H44: MODERATE | I44: CP02G000055 | J44: cgd_2g560 | K44: CP02G000055 | L44: large low complexity protein | M44: CP02G000055.mRNA1 | N44: protein_coding | O44: 1/1 | P44: c.5080A>G | Q44: p.Ile1694Val | R44: 5080/7020 | S44: 5080/7020 | T44: 1694/2339 | U44: ,G | V44: upstream_gene_variant | W44: MODIFIER | X44: CP02G000057 | Y44: CP02G000057 | Z44: transcript | AA44: CP02G000057.mRNA1 | AB44: protein_coding | AC44: c.-3706A>G | AD44: 3706 | AE44: ,G | AF44: downstream_gene_variant | AG44: MODIFIER | AH44: CP02G000056 | AI44: CP02G000056 | AJ44: transcript | AK44: CP02G000056.mRNA1 | AL44: protein_coding | AM44: c.*1964T>C | AN44: 1964
A45: 2 | B45: 136116 | C45: 2__136116 | D45: G | E45: =VLOOKUP(C45,significant_snps!#REF!,6,FALSE) -> #REF! | F45: ANN=A | G45: missense_variant | H45: MODERATE | I45: CP02G000057 | J45: cgd_2g580 | K45: CP02G000057 | L45: hypothetical protein | M45: CP02G000057.mRNA1 | N45: protein_coding | O45: 1/1 | P45: c.2557G>A | Q45: p.Ala853Thr | R45: 2557/6696 | S45: 2557/6696 | T45: 853/2231 | U45: ,A | V45: upstream_gene_variant | W45: MODIFIER | X45: CP02G000056 | Y45: CP02G000056 | Z45: transcript | AA45: CP02G000056.mRNA1 | AB45: protein_coding | AC45: c.-3462C>T | AD45: 3462 | AE45: ,A | AF45: downstream_gene_variant | AG45: MODIFIER | AH45: CP02G000055 | AI45: CP02G000055 | AJ45: transcript | AK45: CP02G000055.mRNA1 | AL45: protein_coding | AM45: c.*4322G>A | AN45: 4322
A46: 2 | B46: 146433 | C46: 2__146433 | D46: G | E46: =VLOOKUP(C46,significant_snps!#REF!,6,FALSE) -> #REF! | F46: ANN=A | G46: synonymous_variant | H46: LOW | I46: CP02G000060 | J46: cgd_2g610 | K46: CP02G000060 | L46: hypothetical protein | M46: CP02G000060.mRNA1 | N46: protein_coding | O46: 2/2 | P46: c.423C>T | Q46: p.Ser141Ser | R46: 423/885 | S46: 423/885 | T46: 141/294 | U46: ,A | V46: upstream_gene_variant | W46: MODIFIER | X46: CP02G000059 | Y46: CP02G000059 | Z46: transcript | AA46: CP02G000059.mRNA1 | AB46: protein_coding | AC46: c.-1514C>T | AD46: 1514 | AE46: ,A | AF46: upstream_gene_variant | AG46: MODIFIER | AH46: CP02G000062 | AI46: CP02G000062 | AJ46: transcript | AK46: CP02G000062.mRNA1 | AL46: protein_coding | AM46: c.-2813G>A | AN46: 2813 | AO46: ,A | AP46: downstream_gene_variant | AQ46: MODIFIER | AR46: CP02G000058 | AS46: CP02G000058 | AT46: transcript | AU46: CP02G000058.mRNA1 | AV46: protein_coding | AW46: c.*3820G>A | AX46: 3820 | AY46: ,A | AZ46: downstream_gene_variant | BA46: MODIFIER | BB46: CP02G000061 | BC46: CP02G000061 | BD46: transcript | BE46: CP02G000061.mRNA1 | BF46: protein_coding | BG46: c.*1672C>T | BH46: 1672 | BI46: ,A | BJ46: downstream_gene_variant | BK46: MODIFIER | BL46: CP02G000063 | BM46: CP02G000063 | BN46: transcript | BO46: CP02G000063.mRNA1 | BP46: protein_coding | BQ46: c.*4919C>T | BR46: 4919
A47: 2 | B47: 151591 | C47: 2__151591 | D47: A | E47: =VLOOKUP(C47,significant_snps!#REF!,6,FALSE) -> #REF! | F47: ANN=G | G47: missense_variant | H47: MODERATE | I47: CP02G000063 | J47: cgd_2g640 | K47: CP02G000063 | L47: putative conserved acid phosphatase | M47: CP02G000063.mRNA1 | N47: protein_coding | O47: 1/1 | P47: c.781T>C | Q47: p.Tyr261His | R47: 781/1020 | S47: 781/1020 | T47: 261/339 | U47: ,G | V47: upstream_gene_variant | W47: MODIFIER | X47: CP02G000060 | Y47: CP02G000060 | Z47: transcript | AA47: CP02G000060.mRNA1 | AB47: protein_coding | AC47: c.-4344T>C | AD47: 4344 | AE47: ,G | AF47: upstream_gene_variant | AG47: MODIFIER | AH47: CP02G000061 | AI47: CP02G000061 | AJ47: transcript | AK47: CP02G000061.mRNA1 | AL47: protein_coding | AM47: c.-2975T>C | AN47: 2975 | AO47: ,G | AP47: upstream_gene_variant | AQ47: MODIFIER | AR47: CP02G000064 | AS47: CP02G000064 | AT47: transcript | AU47: CP02G000064.mRNA1 | AV47: protein_coding | AW47: c.-2265A>G | AX47: 2265 | AY47: ,G | AZ47: downstream_gene_variant | BA47: MODIFIER | BB47: CP02G000062 | BC47: CP02G000062 | BD47: transcript | BE47: CP02G000062.mRNA1 | BF47: protein_coding | BG47: c.*1140A>G | BH47: 1140 | BI47: ,G | BJ47: downstream_gene_variant | BK47: MODIFIER | BL47: CP02G000065 | BM47: CP02G000065 | BN47: transcript | BO47: CP02G000065.mRNA1 | BP47: protein_coding | BQ47: c.*4406T>C | BR47: 4406
A48: 2 | B48: 159333 | C48: 2__159333 | D48: C | E48: =VLOOKUP(C48,significant_snps!#REF!,6,FALSE) -> #REF! | F48: ANN=T | G48: upstream_gene_variant | H48: MODIFIER | I48: CP02G000065 | J48: cgd_2g660 | K48: CP02G000065 | L48: putative signal peptide protein | M48: CP02G000065.mRNA1 | N48: protein_coding | O48: c.-2008G>A | P48: 2008 | Q48: ,T | R48: upstream_gene_variant | S48: MODIFIER | T48: CP02G000067 | U48: CP02G000067 | V48: transcript | W48: CP02G000067.mRNA1 | X48: protein_coding | Y48: c.-202C>T | Z48: 202 | AA48: ,T | AB48: downstream_gene_variant | AC48: MODIFIER | AD48: CP02G000064 | AE48: CP02G000064 | AF48: transcript | AG48: CP02G000064.mRNA1 | AH48: protein_coding | AI48: c.*3399C>T | AJ48: 3399 | AK48: ,T | AL48: downstream_gene_variant | AM48: MODIFIER | AN48: CP02G000066 | AO48: CP02G000066 | AP48: transcript | AQ48: CP02G000066.mRNA1 | AR48: protein_coding | AS48: c.*303C>T | AT48: 303 | AU48: ,T | AV48: intergenic_region | AW48: MODIFIER | AX48: CP02G000066-CP02G000067 | AY48: CP02G000066-CP02G000067 | AZ48: intergenic_region | BA48: CP02G000066-CP02G000067 | BB48: n.159333C>T
A49: 2 | B49: 160241 | C49: 2__160241 | D49: G | E49: =VLOOKUP(C49,significant_snps!#REF!,6,FALSE) -> #REF! | F49: ANN=A | G49: missense_variant | H49: MODERATE | I49: CP02G000067 | J49: cgd_2g680 | K49: CP02G000067 | L49: hypothetical protein | M49: CP02G000067.mRNA1 | N49: protein_coding | O49: 1/1 | P49: c.707G>A | Q49: p.Arg236Lys | R49: 707/5379 | S49: 707/5379 | T49: 236/1792 | U49: ,A | V49: upstream_gene_variant | W49: MODIFIER | X49: CP02G000065 | Y49: CP02G000065 | Z49: transcript | AA49: CP02G000065.mRNA1 | AB49: protein_coding | AC49: c.-2916C>T | AD49: 2916 | AE49: ,A | AF49: downstream_gene_variant | AG49: MODIFIER | AH49: CP02G000064 | AI49: CP02G000064 | AJ49: transcript | AK49: CP02G000064.mRNA1 | AL49: protein_coding | AM49: c.*4307G>A | AN49: 4307 | AO49: ,A | AP49: downstream_gene_variant | AQ49: MODIFIER | AR49: CP02G000066 | AS49: CP02G000066 | AT49: transcript | AU49: CP02G000066.mRNA1 | AV49: protein_coding | AW49: c.*1211G>A | AX49: 1211
A50: 2 | B50: 161404 | C50: 2__161404 | D50: G | E50: =VLOOKUP(C50,significant_snps!#REF!,6,FALSE) -> #REF! | F50: ANN=A | G50: missense_variant | H50: MODERATE | I50: CP02G000067 | J50: cgd_2g680 | K50: CP02G000067 | L50: hypothetical protein | M50: CP02G000067.mRNA1 | N50: protein_coding | O50: 1/1 | P50: c.1870G>A | Q50: p.Glu624Lys | R50: 1870/5379 | S50: 1870/5379 | T50: 624/1792 | U50: ,A | V50: upstream_gene_variant | W50: MODIFIER | X50: CP02G000065 | Y50: CP02G000065 | Z50: transcript | AA50: CP02G000065.mRNA1 | AB50: protein_coding | AC50: c.-4079C>T | AD50: 4079 | AE50: ,A | AF50: downstream_gene_variant | AG50: MODIFIER | AH50: CP02G000066 | AI50: CP02G000066 | AJ50: transcript | AK50: CP02G000066.mRNA1 | AL50: protein_coding | AM50: c.*2374G>A | AN50: 2374 | AO50: ,A | AP50: downstream_gene_variant | AQ50: MODIFIER | AR50: CP02G000068 | AS50: CP02G000068 | AT50: transcript | AU50: CP02G000068.mRNA1 | AV50: protein_coding | AW50: c.*4821C>T | AX50: 4821
A51: 2 | B51: 163139 | C51: 2__163139 | D51: T | E51: =VLOOKUP(C51,significant_snps!#REF!,6,FALSE) -> #REF! | F51: ANN=C | G51: missense_variant | H51: MODERATE | I51: CP02G000067 | J51: cgd_2g680 | K51: CP02G000067 | L51: hypothetical protein | M51: CP02G000067.mRNA1 | N51: protein_coding | O51: 1/1 | P51: c.3605T>C | Q51: p.Leu1202Ser | R51: 3605/5379 | S51: 3605/5379 | T51: 1202/1792 | U51: ,C | V51: downstream_gene_variant | W51: MODIFIER | X51: CP02G000066 | Y51: CP02G000066 | Z51: transcript | AA51: CP02G000066.mRNA1 | AB51: protein_coding | AC51: c.*4109T>C | AD51: 4109 | AE51: ,C | AF51: downstream_gene_variant | AG51: MODIFIER | AH51: CP02G000068 | AI51: CP02G000068 | AJ51: transcript | AK51: CP02G000068.mRNA1 | AL51: protein_coding | AM51: c.*3086A>G | AN51: 3086
A52: 2 | B52: 163180 | C52: 2__163180 | D52: C | E52: =VLOOKUP(C52,significant_snps!#REF!,6,FALSE) -> #REF! | F52: ANN=T | G52: synonymous_variant | H52: LOW | I52: CP02G000067 | J52: cgd_2g680 | K52: CP02G000067 | L52: hypothetical protein | M52: CP02G000067.mRNA1 | N52: protein_coding | O52: 1/1 | P52: c.3646C>T | Q52: p.Leu1216Leu | R52: 3646/5379 | S52: 3646/5379 | T52: 1216/1792 | U52: ,T | V52: downstream_gene_variant | W52: MODIFIER | X52: CP02G000066 | Y52: CP02G000066 | Z52: transcript | AA52: CP02G000066.mRNA1 | AB52: protein_coding | AC52: c.*4150C>T | AD52: 4150 | AE52: ,T | AF52: downstream_gene_variant | AG52: MODIFIER | AH52: CP02G000068 | AI52: CP02G000068 | AJ52: transcript | AK52: CP02G000068.mRNA1 | AL52: protein_coding | AM52: c.*3045G>A | AN52: 3045
A53: 2 | B53: 165521 | C53: 2__165521 | D53: T | E53: =VLOOKUP(C53,significant_snps!#REF!,6,FALSE) -> #REF! | F53: ANN=A | G53: downstream_gene_variant | H53: MODIFIER | I53: CP02G000067 | J53: cgd_2g680 | K53: CP02G000067 | L53: hypothetical protein | M53: CP02G000067.mRNA1 | N53: protein_coding | O53: c.*608T>A | P53: 608 | Q53: ,A | R53: downstream_gene_variant | S53: MODIFIER | T53: CP02G000068 | U53: CP02G000068 | V53: transcript | W53: CP02G000068.mRNA1 | X53: protein_coding | Y53: c.*704A>T | Z53: 704 | AA53: ,A | AB53: intergenic_region | AC53: MODIFIER | AD53: CP02G000067-CP02G000068 | AE53: CP02G000067-CP02G000068 | AF53: intergenic_region | AG53: CP02G000067-CP02G000068 | AH53: n.165521T>A
A54: 2 | B54: 166835 | C54: 2__166835 | D54: C | E54: =VLOOKUP(C54,significant_snps!#REF!,6,FALSE) -> #REF! | F54: ANN=T | G54: missense_variant | H54: MODERATE | I54: CP02G000068 | J54: cgd_2g690 | K54: CP02G000068 | L54: lycine-rich repeat-containing protein | M54: CP02G000068.mRNA1 | N54: protein_coding | O54: 1/1 | P54: c.3494G>A | Q54: p.Ser1165Asn | R54: 3494/4104 | S54: 3494/4104 | T54: 1165/1367 | U54: ,T | V54: downstream_gene_variant | W54: MODIFIER | X54: CP02G000067 | Y54: CP02G000067 | Z54: transcript | AA54: CP02G000067.mRNA1 | AB54: protein_coding | AC54: c.*1922C>T | AD54: 1922
A55: 2 | B55: 166888 | C55: 2__166888 | D55: T | E55: =VLOOKUP(C55,significant_snps!#REF!,6,FALSE) -> #REF! | F55: ANN=C | G55: synonymous_variant | H55: LOW | I55: CP02G000068 | J55: cgd_2g690 | K55: CP02G000068 | L55: lycine-rich repeat-containing protein | M55: CP02G000068.mRNA1 | N55: protein_coding | O55: 1/1 | P55: c.3441A>G | Q55: p.Gly1147Gly | R55: 3441/4104 | S55: 3441/4104 | T55: 1147/1367 | U55: ,C | V55: downstream_gene_variant | W55: MODIFIER | X55: CP02G000067 | Y55: CP02G000067 | Z55: transcript | AA55: CP02G000067.mRNA1 | AB55: protein_coding | AC55: c.*1975T>C | AD55: 1975
A56: 2 | B56: 167214 | C56: 2__167214 | D56: A | E56: =VLOOKUP(C56,significant_snps!#REF!,6,FALSE) -> #REF! | F56: ANN=T | G56: missense_variant | H56: MODERATE | I56: CP02G000068 | J56: cgd_2g690 | K56: CP02G000068 | L56: lycine-rich repeat-containing protein | M56: CP02G000068.mRNA1 | N56: protein_coding | O56: 1/1 | P56: c.3115T>A | Q56: p.Ser1039Thr | R56: 3115/4104 | S56: 3115/4104 | T56: 1039/1367 | U56: ,T | V56: downstream_gene_variant | W56: MODIFIER | X56: CP02G000067 | Y56: CP02G000067 | Z56: transcript | AA56: CP02G000067.mRNA1 | AB56: protein_coding | AC56: c.*2301A>T | AD56: 2301
A57: 2 | B57: 168270 | C57: 2__168270 | D57: C | E57: =VLOOKUP(C57,significant_snps!#REF!,6,FALSE) -> #REF! | F57: ANN=T | G57: missense_variant | H57: MODERATE | I57: CP02G000068 | J57: cgd_2g690 | K57: CP02G000068 | L57: lycine-rich repeat-containing protein | M57: CP02G000068.mRNA1 | N57: protein_coding | O57: 1/1 | P57: c.2059G>A | Q57: p.Glu687Lys | R57: 2059/4104 | S57: 2059/4104 | T57: 687/1367 | U57: ,T | V57: downstream_gene_variant | W57: MODIFIER | X57: CP02G000067 | Y57: CP02G000067 | Z57: transcript | AA57: CP02G000067.mRNA1 | AB57: protein_coding | AC57: c.*3357C>T | AD57: 3357 | AE57: ,T | AF57: downstream_gene_variant | AG57: MODIFIER | AH57: CP02G000069 | AI57: CP02G000069 | AJ57: transcript | AK57: CP02G000069.mRNA1 | AL57: protein_coding | AM57: c.*3958G>A | AN57: 3958
A58: 2 | B58: 168439 | C58: 2__168439 | D58: C | E58: =VLOOKUP(C58,significant_snps!#REF!,6,FALSE) -> #REF! | F58: ANN=T | G58: synonymous_variant | H58: LOW | I58: CP02G000068 | J58: cgd_2g690 | K58: CP02G000068 | L58: lycine-rich repeat-containing protein | M58: CP02G000068.mRNA1 | N58: protein_coding | O58: 1/1 | P58: c.1890G>A | Q58: p.Arg630Arg | R58: 1890/4104 | S58: 1890/4104 | T58: 630/1367 | U58: ,T | V58: downstream_gene_variant | W58: MODIFIER | X58: CP02G000067 | Y58: CP02G000067 | Z58: transcript | AA58: CP02G000067.mRNA1 | AB58: protein_coding | AC58: c.*3526C>T | AD58: 3526 | AE58: ,T | AF58: downstream_gene_variant | AG58: MODIFIER | AH58: CP02G000069 | AI58: CP02G000069 | AJ58: transcript | AK58: CP02G000069.mRNA1 | AL58: protein_coding | AM58: c.*3789G>A | AN58: 3789
A59: 2 | B59: 168473 | C59: 2__168473 | D59: T | E59: =VLOOKUP(C59,significant_snps!#REF!,6,FALSE) -> #REF! | F59: ANN=C | G59: missense_variant | H59: MODERATE | I59: CP02G000068 | J59: cgd_2g690 | K59: CP02G000068 | L59: lycine-rich repeat-containing protein | M59: CP02G000068.mRNA1 | N59: protein_coding | O59: 1/1 | P59: c.1856A>G | Q59: p.Tyr619Cys | R59: 1856/4104 | S59: 1856/4104 | T59: 619/1367 | U59: ,C | V59: downstream_gene_variant | W59: MODIFIER | X59: CP02G000067 | Y59: CP02G000067 | Z59: transcript | AA59: CP02G000067.mRNA1 | AB59: protein_coding | AC59: c.*3560T>C | AD59: 3560 | AE59: ,C | AF59: downstream_gene_variant | AG59: MODIFIER | AH59: CP02G000069 | AI59: CP02G000069 | AJ59: transcript | AK59: CP02G000069.mRNA1 | AL59: protein_coding | AM59: c.*3755A>G | AN59: 3755
A60: 2 | B60: 172043 | C60: 2__172043 | D60: G | E60: =VLOOKUP(C60,significant_snps!#REF!,6,FALSE) -> #REF! | F60: ANN=T | G60: upstream_gene_variant | H60: MODIFIER | I60: CP02G000068 | J60: cgd_2g690 | K60: CP02G000068 | L60: lycine-rich repeat-containing protein | M60: CP02G000068.mRNA1 | N60: protein_coding | O60: c.-1715C>A | P60: 1715 | Q60: ,T | R60: upstream_gene_variant | S60: MODIFIER | T60: CP02G000070 | U60: CP02G000070 | V60: transcript | W60: CP02G000070.mRNA1 | X60: protein_coding | Y60: c.-3831G>T | Z60: 3831 | AA60: ,T | AB60: downstream_gene_variant | AC60: MODIFIER | AD60: CP02G000069 | AE60: CP02G000069 | AF60: transcript | AG60: CP02G000069.mRNA1 | AH60: protein_coding | AI60: c.*185C>A | AJ60: 185 | AK60: ,T | AL60: intergenic_region | AM60: MODIFIER | AN60: CP02G000068-CP02G000069 | AO60: CP02G000068-CP02G000069 | AP60: intergenic_region | AQ60: CP02G000068-CP02G000069 | AR60: n.172043G>T
A61: 2 | B61: 172561 | C61: 2__172561 | D61: T | E61: =VLOOKUP(C61,significant_snps!#REF!,6,FALSE) -> #REF! | F61: ANN=A | G61: missense_variant | H61: MODERATE | I61: CP02G000069 | J61: cgd_2g700 | K61: CP02G000069 | L61: PMS1'MutL-like ATPase' | M61: CP02G000069.mRNA1 | N61: protein_coding | O61: 1/2 | P61: c.2741A>T | Q61: p.Glu914Val | R61: 2741/3015 | S61: 2741/3015 | T61: 914/1004 | U61: ,A | V61: upstream_gene_variant | W61: MODIFIER | X61: CP02G000068 | Y61: CP02G000068 | Z61: transcript | AA61: CP02G000068.mRNA1 | AB61: protein_coding | AC61: c.-2233A>T | AD61: 2233 | AE61: ,A | AF61: upstream_gene_variant | AG61: MODIFIER | AH61: CP02G000070 | AI61: CP02G000070 | AJ61: transcript | AK61: CP02G000070.mRNA1 | AL61: protein_coding | AM61: c.-3313T>A | AN61: 3313 | AO61: ,A | AP61: upstream_gene_variant | AQ61: MODIFIER | AR61: CP02G000071 | AS61: CP02G000071 | AT61: transcript | AU61: CP02G000071.mRNA1 | AV61: protein_coding | AW61: c.-4665T>A | AX61: 4665
A62: 2 | B62: 173072 | C62: 2__173072 | D62: G | E62: =VLOOKUP(C62,significant_snps!#REF!,6,FALSE) -> #REF! | F62: ANN=A | G62: missense_variant | H62: MODERATE | I62: CP02G000069 | J62: cgd_2g700 | K62: CP02G000069 | L62: PMS1'MutL-like ATPase' | M62: CP02G000069.mRNA1 | N62: protein_coding | O62: 1/2 | P62: c.2230C>T | Q62: p.His744Tyr | R62: 2230/3015 | S62: 2230/3015 | T62: 744/1004 | U62: ,A | V62: upstream_gene_variant | W62: MODIFIER | X62: CP02G000068 | Y62: CP02G000068 | Z62: transcript | AA62: CP02G000068.mRNA1 | AB62: protein_coding | AC62: c.-2744C>T | AD62: 2744 | AE62: ,A | AF62: upstream_gene_variant | AG62: MODIFIER | AH62: CP02G000070 | AI62: CP02G000070 | AJ62: transcript | AK62: CP02G000070.mRNA1 | AL62: protein_coding | AM62: c.-2802G>A | AN62: 2802 | AO62: ,A | AP62: upstream_gene_variant | AQ62: MODIFIER | AR62: CP02G000071 | AS62: CP02G000071 | AT62: transcript | AU62: CP02G000071.mRNA1 | AV62: protein_coding | AW62: c.-4154G>A | AX62: 4154
A63: 2 | B63: 181477 | C63: 2__181477 | D63: G | E63: =VLOOKUP(C63,significant_snps!#REF!,6,FALSE) -> #REF! | F63: ANN=A | G63: synonymous_variant | H63: LOW | I63: CP02G000074 | J63: cgd_2g750 | K63: CP02G000074 | L63: bub3'bub3-like and WD40 repeat-containing | M63: CP02G000074.mRNA1 | N63: protein_coding | O63: 1/1 | P63: c.699C>T | Q63: p.Val233Val | R63: 699/1269 | S63: 699/1269 | T63: 233/422 | U63: ,A | V63: upstream_gene_variant | W63: MODIFIER | X63: CP02G000072 | Y63: CP02G000072 | Z63: transcript | AA63: CP02G000072.mRNA1 | AB63: protein_coding | AC63: c.-1775C>T | AD63: 1775 | AE63: ,A | AF63: upstream_gene_variant | AG63: MODIFIER | AH63: CP02G000075 | AI63: CP02G000075 | AJ63: transcript | AK63: CP02G000075.mRNA1 | AL63: protein_coding | AM63: c.-927G>A | AN63: 927 | AO63: ,A | AP63: upstream_gene_variant | AQ63: MODIFIER | AR63: CP02G000077 | AS63: CP02G000077 | AT63: transcript | AU63: CP02G000077.mRNA1 | AV63: protein_coding | AW63: c.-3794G>A | AX63: 3794 | AY63: ,A | AZ63: downstream_gene_variant | BA63: MODIFIER | BB63: CP02G000070 | BC63: CP02G000070 | BD63: transcript | BE63: CP02G000070.mRNA1 | BF63: protein_coding | BG63: c.*4794G>A | BH63: 4794 | BI63: ,A | BJ63: downstream_gene_variant | BK63: MODIFIER | BL63: CP02G000071 | BM63: CP02G000071 | BN63: transcript | BO63: CP02G000071.mRNA1 | BP63: protein_coding | BQ63: c.*3109G>A | BR63: 3109 | BS63: ,A | BT63: downstream_gene_variant | BU63: MODIFIER | BV63: CP02G000073 | BW63: CP02G000073 | BX63: transcript | BY63: CP02G000073.mRNA1 | BZ63: protein_coding | CA63: c.*775G>A | CB63: 775 | CC63: ,A | CD63: downstream_gene_variant | CE63: MODIFIER | CF63: CP02G000076 | CG63: CP02G000076 | CH63: transcript | CI63: CP02G000076.mRNA1 | CJ63: protein_coding | CK63: c.*2039C>T | CL63: 2039 | CM63: ,A | CN63: downstream_gene_variant | CO63: MODIFIER | CP63: CP02G000078 | CQ63: CP02G000078 | CR63: transcript | CS63: CP02G000078.mRNA1 | CT63: protein_coding | CU63: c.*4307C>T | CV63: 4307 | DB63: c.*775G>A | DG63: 775 | DH63: ,A | DI63: downstream_gene_variant | DJ63: MODIFIER | DK63: CP02G000076 | DL63: CP02G000076 | DM63: transcript | DN63: CP02G000076.mRNA1 | DO63: protein_coding | DQ63: c.*2039C>T | DV63: 2039 | DW63: ,A | DX63: downstream_gene_variant | DY63: MODIFIER | DZ63: CP02G000078 | EA63: CP02G000078 | EB63: transcript | EC63: CP02G000078.mRNA1 | ED63: protein_coding | EF63: c.*4307C>T | EK63: 4307
A64: 2 | B64: 181650 | C64: 2__181650 | D64: T | E64: =VLOOKUP(C64,significant_snps!#REF!,6,FALSE) -> #REF! | F64: ANN=C | G64: missense_variant | H64: MODERATE | I64: CP02G000074 | J64: cgd_2g750 | K64: CP02G000074 | L64: bub3'bub3-like and WD40 repeat-containing | M64: CP02G000074.mRNA1 | N64: protein_coding | O64: 1/1 | P64: c.526A>G | Q64: p.Lys176Glu | R64: 526/1269 | S64: 526/1269 | T64: 176/422 | U64: ,C | V64: upstream_gene_variant | W64: MODIFIER | X64: CP02G000072 | Y64: CP02G000072 | Z64: transcript | AA64: CP02G000072.mRNA1 | AB64: protein_coding | AC64: c.-1948A>G | AD64: 1948 | AE64: ,C | AF64: upstream_gene_variant | AG64: MODIFIER | AH64: CP02G000075 | AI64: CP02G000075 | AJ64: transcript | AK64: CP02G000075.mRNA1 | AL64: protein_coding | AM64: c.-754T>C | AN64: 754 | AO64: ,C | AP64: upstream_gene_variant | AQ64: MODIFIER | AR64: CP02G000077 | AS64: CP02G000077 | AT64: transcript | AU64: CP02G000077.mRNA1 | AV64: protein_coding | AW64: c.-3621T>C | AX64: 3621 | AY64: ,C | AZ64: downstream_gene_variant | BA64: MODIFIER | BB64: CP02G000070 | BC64: CP02G000070 | BD64: transcript | BE64: CP02G000070.mRNA1 | BF64: protein_coding | BG64: c.*4967T>C | BH64: 4967 | BI64: ,C | BJ64: downstream_gene_variant | BK64: MODIFIER | BL64: CP02G000071 | BM64: CP02G000071 | BN64: transcript | BO64: CP02G000071.mRNA1 | BP64: protein_coding | BQ64: c.*3282T>C | BR64: 3282 | BS64: ,C | BT64: downstream_gene_variant | BU64: MODIFIER | BV64: CP02G000073 | BW64: CP02G000073 | BX64: transcript | BY64: CP02G000073.mRNA1 | BZ64: protein_coding | CA64: c.*948T>C | CB64: 948 | CC64: ,C | CD64: downstream_gene_variant | CE64: MODIFIER | CF64: CP02G000076 | CG64: CP02G000076 | CH64: transcript | CI64: CP02G000076.mRNA1 | CJ64: protein_coding | CK64: c.*1866A>G | CL64: 1866 | CM64: ,C | CN64: downstream_gene_variant | CO64: MODIFIER | CP64: CP02G000078 | CQ64: CP02G000078 | CR64: transcript | CS64: CP02G000078.mRNA1 | CT64: protein_coding | CU64: c.*4134A>G | CV64: 4134 | DB64: c.*948T>C | DG64: 948 | DH64: ,C | DI64: downstream_gene_variant | DJ64: MODIFIER | DK64: CP02G000076 | DL64: CP02G000076 | DM64: transcript | DN64: CP02G000076.mRNA1 | DO64: protein_coding | DQ64: c.*1866A>G | DV64: 1866 | DW64: ,C | DX64: downstream_gene_variant | DY64: MODIFIER | DZ64: CP02G000078 | EA64: CP02G000078 | EB64: transcript | EC64: CP02G000078.mRNA1 | ED64: protein_coding | EF64: c.*4134A>G | EK64: 4134
A65: 2 | B65: 181854 | C65: 2__181854 | D65: C | E65: =VLOOKUP(C65,significant_snps!#REF!,6,FALSE) -> #REF! | F65: ANN=T | G65: missense_variant | H65: MODERATE | I65: CP02G000074 | J65: cgd_2g750 | K65: CP02G000074 | L65: bub3'bub3-like and WD40 repeat-containing | M65: CP02G000074.mRNA1 | N65: protein_coding | O65: 1/1 | P65: c.322G>A | Q65: p.Ala108Thr | R65: 322/1269 | S65: 322/1269 | T65: 108/422 | U65: ,T | V65: upstream_gene_variant | W65: MODIFIER | X65: CP02G000072 | Y65: CP02G000072 | Z65: transcript | AA65: CP02G000072.mRNA1 | AB65: protein_coding | AC65: c.-2152G>A | AD65: 2152 | AE65: ,T | AF65: upstream_gene_variant | AG65: MODIFIER | AH65: CP02G000075 | AI65: CP02G000075 | AJ65: transcript | AK65: CP02G000075.mRNA1 | AL65: protein_coding | AM65: c.-550C>T | AN65: 550 | AO65: ,T | AP65: upstream_gene_variant | AQ65: MODIFIER | AR65: CP02G000077 | AS65: CP02G000077 | AT65: transcript | AU65: CP02G000077.mRNA1 | AV65: protein_coding | AW65: c.-3417C>T | AX65: 3417 | AY65: ,T | AZ65: downstream_gene_variant | BA65: MODIFIER | BB65: CP02G000071 | BC65: CP02G000071 | BD65: transcript | BE65: CP02G000071.mRNA1 | BF65: protein_coding | BG65: c.*3486C>T | BH65: 3486 | BI65: ,T | BJ65: downstream_gene_variant | BK65: MODIFIER | BL65: CP02G000073 | BM65: CP02G000073 | BN65: transcript | BO65: CP02G000073.mRNA1 | BP65: protein_coding | BQ65: c.*1152C>T | BR65: 1152 | BS65: ,T | BT65: downstream_gene_variant | BU65: MODIFIER | BV65: CP02G000076 | BW65: CP02G000076 | BX65: transcript | BY65: CP02G000076.mRNA1 | BZ65: protein_coding | CA65: c.*1662G>A | CB65: 1662 | CC65: ,T | CD65: downstream_gene_variant | CE65: MODIFIER | CF65: CP02G000078 | CG65: CP02G000078 | CH65: transcript | CI65: CP02G000078.mRNA1 | CJ65: protein_coding | CK65: c.*3930G>A | CL65: 3930 | DB65: c.*1662G>A | DG65: 1662 | DH65: ,T | DI65: downstream_gene_variant | DJ65: MODIFIER | DK65: CP02G000078 | DL65: CP02G000078 | DM65: transcript | DN65: CP02G000078.mRNA1 | DO65: protein_coding | DQ65: c.*3930G>A | DV65: 3930
A66: 2 | B66: 182024 | C66: 2__182024 | D66: A | E66: =VLOOKUP(C66,significant_snps!#REF!,6,FALSE) -> #REF! | F66: ANN=G | G66: missense_variant | H66: MODERATE | I66: CP02G000074 | J66: cgd_2g750 | K66: CP02G000074 | L66: bub3'bub3-like and WD40 repeat-containing | M66: CP02G000074.mRNA1 | N66: protein_coding | O66: 1/1 | P66: c.152T>C | Q66: p.Leu51Pro | R66: 152/1269 | S66: 152/1269 | T66: 51/422 | U66: ,G | V66: upstream_gene_variant | W66: MODIFIER | X66: CP02G000072 | Y66: CP02G000072 | Z66: transcript | AA66: CP02G000072.mRNA1 | AB66: protein_coding | AC66: c.-2322T>C | AD66: 2322 | AE66: ,G | AF66: upstream_gene_variant | AG66: MODIFIER | AH66: CP02G000075 | AI66: CP02G000075 | AJ66: transcript | AK66: CP02G000075.mRNA1 | AL66: protein_coding | AM66: c.-380A>G | AN66: 380 | AO66: ,G | AP66: upstream_gene_variant | AQ66: MODIFIER | AR66: CP02G000077 | AS66: CP02G000077 | AT66: transcript | AU66: CP02G000077.mRNA1 | AV66: protein_coding | AW66: c.-3247A>G | AX66: 3247 | AY66: ,G | AZ66: downstream_gene_variant | BA66: MODIFIER | BB66: CP02G000071 | BC66: CP02G000071 | BD66: transcript | BE66: CP02G000071.mRNA1 | BF66: protein_coding | BG66: c.*3656A>G | BH66: 3656 | BI66: ,G | BJ66: downstream_gene_variant | BK66: MODIFIER | BL66: CP02G000073 | BM66: CP02G000073 | BN66: transcript | BO66: CP02G000073.mRNA1 | BP66: protein_coding | BQ66: c.*1322A>G | BR66: 1322 | BS66: ,G | BT66: downstream_gene_variant | BU66: MODIFIER | BV66: CP02G000076 | BW66: CP02G000076 | BX66: transcript | BY66: CP02G000076.mRNA1 | BZ66: protein_coding | CA66: c.*1492T>C | CB66: 1492 | CC66: ,G | CD66: downstream_gene_variant | CE66: MODIFIER | CF66: CP02G000078 | CG66: CP02G000078 | CH66: transcript | CI66: CP02G000078.mRNA1 | CJ66: protein_coding | CK66: c.*3760T>C | CL66: 3760 | DB66: c.*1492T>C | DG66: 1492 | DH66: ,G | DI66: downstream_gene_variant | DJ66: MODIFIER | DK66: CP02G000078 | DL66: CP02G000078 | DM66: transcript | DN66: CP02G000078.mRNA1 | DO66: protein_coding | DQ66: c.*3760T>C | DV66: 3760
A67: 2 | B67: 185029 | C67: 2__185029 | D67: T | E67: =VLOOKUP(C67,significant_snps!#REF!,6,FALSE) -> #REF! | F67: ANN=C | G67: missense_variant | H67: MODERATE | I67: CP02G000076 | J67: cgd_2g770 | K67: CP02G000076 | L67: hypothetical protein | M67: CP02G000076.mRNA1 | N67: protein_coding | O67: 1/2 | P67: c.80A>G | Q67: p.Lys27Arg | R67: 80/1506 | S67: 80/1506 | T67: 27/501 | U67: ,C | V67: upstream_gene_variant | W67: MODIFIER | X67: CP02G000074 | Y67: CP02G000074 | Z67: transcript | AA67: CP02G000074.mRNA1 | AB67: protein_coding | AC67: c.-2854A>G | AD67: 2854 | AE67: ,C | AF67: upstream_gene_variant | AG67: MODIFIER | AH67: CP02G000077 | AI67: CP02G000077 | AJ67: transcript | AK67: CP02G000077.mRNA1 | AL67: protein_coding | AM67: c.-242T>C | AN67: 242 | AO67: ,C | AP67: upstream_gene_variant | AQ67: MODIFIER | AR67: CP02G000079 | AS67: CP02G000079 | AT67: transcript | AU67: CP02G000079.mRNA1 | AV67: protein_coding | AW67: c.-2610T>C | AX67: 2610 | AY67: ,C | AZ67: downstream_gene_variant | BA67: MODIFIER | BB67: CP02G000073 | BC67: CP02G000073 | BD67: transcript | BE67: CP02G000073.mRNA1 | BF67: protein_coding | BG67: c.*4327T>C | BH67: 4327 | BI67: ,C | BJ67: downstream_gene_variant | BK67: MODIFIER | BL67: CP02G000075 | BM67: CP02G000075 | BN67: transcript | BO67: CP02G000075.mRNA1 | BP67: protein_coding | BQ67: c.*1615T>C | BR67: 1615 | BS67: ,C | BT67: downstream_gene_variant | BU67: MODIFIER | BV67: CP02G000078 | BW67: CP02G000078 | BX67: transcript | BY67: CP02G000078.mRNA1 | BZ67: protein_coding | CA67: c.*755A>G | CB67: 755 | DB67: c.*755A>G | DG67: 755
A68: 2 | B68: 186225 | C68: 2__186225 | D68: T | E68: =VLOOKUP(C68,significant_snps!#REF!,6,FALSE) -> #REF! | F68: ANN=G | G68: synonymous_variant | H68: LOW | I68: CP02G000078 | J68: cgd_2g780 | K68: CP02G000078 | L68: hypothetical protein | M68: CP02G000078.mRNA1 | N68: protein_coding | O68: 1/1 | P68: c.660A>C | Q68: p.Ile220Ile | R68: 660/1101 | S68: 660/1101 | T68: 220/366 | U68: ,G | V68: upstream_gene_variant | W68: MODIFIER | X68: CP02G000074 | Y68: CP02G000074 | Z68: transcript | AA68: CP02G000074.mRNA1 | AB68: protein_coding | AC68: c.-4050A>C | AD68: 4050 | AE68: ,G | AF68: upstream_gene_variant | AG68: MODIFIER | AH68: CP02G000076 | AI68: CP02G000076 | AJ68: transcript | AK68: CP02G000076.mRNA1 | AL68: protein_coding | AM68: c.-1117A>C | AN68: 1117 | AO68: ,G | AP68: upstream_gene_variant | AQ68: MODIFIER | AR68: CP02G000079 | AS68: CP02G000079 | AT68: transcript | AU68: CP02G000079.mRNA1 | AV68: protein_coding | AW68: c.-1414T>G | AX68: 1414 | AY68: ,G | AZ68: downstream_gene_variant | BA68: MODIFIER | BB68: CP02G000075 | BC68: CP02G000075 | BD68: transcript | BE68: CP02G000075.mRNA1 | BF68: protein_coding | BG68: c.*2811T>G | BH68: 2811 | BI68: ,G | BJ68: downstream_gene_variant | BK68: MODIFIER | BL68: CP02G000077 | BM68: CP02G000077 | BN68: transcript | BO68: CP02G000077.mRNA1 | BP68: protein_coding | BQ68: c.*449T>G | BR68: 449
A69: 2 | B69: 187750 | C69: 2__187750 | D69: A | E69: =VLOOKUP(C69,significant_snps!#REF!,6,FALSE) -> #REF! | F69: ANN=G | G69: missense_variant | H69: MODERATE | I69: CP02G000079 | J69: cgd_2g790 | K69: CP02G000079 | L69: CpCCp3 | M69: CP02G000079.mRNA1 | N69: protein_coding | O69: 1/1 | P69: c.112A>G | Q69: p.Arg38Gly | R69: 112/3744 | S69: 112/3744 | T69: 38/1247 | U69: ,G | V69: upstream_gene_variant | W69: MODIFIER | X69: CP02G000076 | Y69: CP02G000076 | Z69: transcript | AA69: CP02G000076.mRNA1 | AB69: protein_coding | AC69: c.-2642T>C | AD69: 2642 | AE69: ,G | AF69: upstream_gene_variant | AG69: MODIFIER | AH69: CP02G000078 | AI69: CP02G000078 | AJ69: transcript | AK69: CP02G000078.mRNA1 | AL69: protein_coding | AM69: c.-866T>C | AN69: 866 | AO69: ,G | AP69: upstream_gene_variant | AQ69: MODIFIER | AR69: CP02G000080 | AS69: CP02G000080 | AT69: transcript | AU69: CP02G000080.mRNA1 | AV69: protein_coding | AW69: c.-4439A>G | AX69: 4439 | AY69: ,G | AZ69: downstream_gene_variant | BA69: MODIFIER | BB69: CP02G000075 | BC69: CP02G000075 | BD69: transcript | BE69: CP02G000075.mRNA1 | BF69: protein_coding | BG69: c.*4336A>G | BH69: 4336 | BI69: ,G | BJ69: downstream_gene_variant | BK69: MODIFIER | BL69: CP02G000077 | BM69: CP02G000077 | BN69: transcript | BO69: CP02G000077.mRNA1 | BP69: protein_coding | BQ69: c.*1974A>G | BR69: 1974
A70: 2 | B70: 189352 | C70: 2__189352 | D70: A | E70: =VLOOKUP(C70,significant_snps!#REF!,6,FALSE) -> #REF! | F70: ANN=C | G70: missense_variant | H70: MODERATE | I70: CP02G000079 | J70: cgd_2g790 | K70: CP02G000079 | L70: CpCCp3 | M70: CP02G000079.mRNA1 | N70: protein_coding | O70: 1/1 | P70: c.1714A>C | Q70: p.Ser572Arg | R70: 1714/3744 | S70: 1714/3744 | T70: 572/1247 | U70: ,C | V70: upstream_gene_variant | W70: MODIFIER | X70: CP02G000076 | Y70: CP02G000076 | Z70: transcript | AA70: CP02G000076.mRNA1 | AB70: protein_coding | AC70: c.-4244T>G | AD70: 4244 | AE70: ,C | AF70: upstream_gene_variant | AG70: MODIFIER | AH70: CP02G000078 | AI70: CP02G000078 | AJ70: transcript | AK70: CP02G000078.mRNA1 | AL70: protein_coding | AM70: c.-2468T>G | AN70: 2468 | AO70: ,C | AP70: upstream_gene_variant | AQ70: MODIFIER | AR70: CP02G000080 | AS70: CP02G000080 | AT70: transcript | AU70: CP02G000080.mRNA1 | AV70: protein_coding | AW70: c.-2837A>C | AX70: 2837 | AY70: ,C | AZ70: downstream_gene_variant | BA70: MODIFIER | BB70: CP02G000077 | BC70: CP02G000077 | BD70: transcript | BE70: CP02G000077.mRNA1 | BF70: protein_coding | BG70: c.*3576A>C | BH70: 3576
A71: 2 | B71: 189948 | C71: 2__189948 | D71: T | E71: =VLOOKUP(C71,significant_snps!#REF!,6,FALSE) -> #REF! | F71: ANN=C | G71: synonymous_variant | H71: LOW | I71: CP02G000079 | J71: cgd_2g790 | K71: CP02G000079 | L71: CpCCp3 | M71: CP02G000079.mRNA1 | N71: protein_coding | O71: 1/1 | P71: c.2310T>C | Q71: p.Ser770Ser | R71: 2310/3744 | S71: 2310/3744 | T71: 770/1247 | U71: ,C | V71: upstream_gene_variant | W71: MODIFIER | X71: CP02G000076 | Y71: CP02G000076 | Z71: transcript | AA71: CP02G000076.mRNA1 | AB71: protein_coding | AC71: c.-4840A>G | AD71: 4840 | AE71: ,C | AF71: upstream_gene_variant | AG71: MODIFIER | AH71: CP02G000078 | AI71: CP02G000078 | AJ71: transcript | AK71: CP02G000078.mRNA1 | AL71: protein_coding | AM71: c.-3064A>G | AN71: 3064 | AO71: ,C | AP71: upstream_gene_variant | AQ71: MODIFIER | AR71: CP02G000080 | AS71: CP02G000080 | AT71: transcript | AU71: CP02G000080.mRNA1 | AV71: protein_coding | AW71: c.-2241T>C | AX71: 2241 | AY71: ,C | AZ71: downstream_gene_variant | BA71: MODIFIER | BB71: CP02G000077 | BC71: CP02G000077 | BD71: transcript | BE71: CP02G000077.mRNA1 | BF71: protein_coding | BG71: c.*4172T>C | BH71: 4172 | BI71: ,C | BJ71: downstream_gene_variant | BK71: MODIFIER | BL71: CP02G000081 | BM71: CP02G000081 | BN71: transcript | BO71: CP02G000081.mRNA1 | BP71: protein_coding | BQ71: c.*4925A>G | BR71: 4925
A72: 2 | B72: 195761 | C72: 2__195761 | D72: T | E72: =VLOOKUP(C72,significant_snps!#REF!,6,FALSE) -> #REF! | F72: ANN=A | G72: upstream_gene_variant | H72: MODIFIER | I72: CP02G000081 | J72: cgd_2g810 | K72: CP02G000081 | L72: calmodulin | M72: CP02G000081.mRNA1 | N72: protein_coding | O72: c.-439A>T | P72: 439 | Q72: ,A | R72: upstream_gene_variant | S72: MODIFIER | T72: CP02G000084 | U72: CP02G000084 | V72: transcript | W72: CP02G000084.mRNA1 | X72: protein_coding | Y72: c.-2469T>A | Z72: 2469 | AA72: ,A | AB72: downstream_gene_variant | AC72: MODIFIER | AD72: CP02G000079 | AE72: CP02G000079 | AF72: transcript | AG72: CP02G000079.mRNA1 | AH72: protein_coding | AI72: c.*4379T>A | AJ72: 4379 | AK72: ,A | AL72: downstream_gene_variant | AM72: MODIFIER | AN72: CP02G000080 | AO72: CP02G000080 | AP72: transcript | AQ72: CP02G000080.mRNA1 | AR72: protein_coding | AS72: c.*1758T>A | AT72: 1758 | AU72: ,A | AV72: downstream_gene_variant | AW72: MODIFIER | AX72: CP02G000082 | AY72: CP02G000082 | AZ72: transcript | BA72: CP02G000082.mRNA1 | BB72: protein_coding | BC72: c.*437A>T | BD72: 437 | BE72: ,A | BF72: downstream_gene_variant | BG72: MODIFIER | BH72: CP02G000083 | BI72: CP02G000083 | BJ72: transcript | BK72: CP02G000083.mRNA1 | BL72: protein_coding | BM72: c.*1534A>T | BN72: 1534 | BO72: ,A | BP72: downstream_gene_variant | BQ72: MODIFIER | BR72: CP02G000085 | BS72: CP02G000085 | BT72: transcript | BU72: CP02G000085.mRNA1 | BV72: protein_coding | BW72: c.*3399A>T | BX72: 3399 | BY72: ,A | BZ72: downstream_gene_variant | CA72: MODIFIER | CB72: CP02G000086 | CC72: CP02G000086 | CD72: transcript | CE72: CP02G000086.mRNA1 | CF72: protein_coding | CG72: c.*4934A>T | CH72: 4934 | CI72: ,A | CJ72: intergenic_region | CK72: MODIFIER | CL72: CP02G000081-CP02G000082 | CM72: CP02G000081-CP02G000082 | CN72: intergenic_region | CO72: CP02G000081-CP02G000082 | CP72: n.195761T>A | DB72: c.*3399A>T | DG72: 3399 | DH72: ,A | DI72: downstream_gene_variant | DJ72: MODIFIER | DK72: CP02G000086 | DL72: CP02G000086 | DM72: transcript | DN72: CP02G000086.mRNA1 | DO72: protein_coding | DQ72: c.*4934A>T | DV72: 4934 | DW72: ,A | DX72: intergenic_region | DY72: MODIFIER | DZ72: CP02G000081-CP02G000082 | EA72: CP02G000081-CP02G000082 | EB72: intergenic_region | EC72: CP02G000081-CP02G000082 | EF72: n.195761T>A
A73: 2 | B73: 198179 | C73: 2__198179 | D73: T | E73: =VLOOKUP(C73,significant_snps!#REF!,6,FALSE) -> #REF! | F73: ANN=C | G73: upstream_gene_variant | H73: MODIFIER | I73: CP02G000081 | J73: cgd_2g810 | K73: CP02G000081 | L73: calmodulin | M73: CP02G000081.mRNA1 | N73: protein_coding | O73: c.-2857A>G | P73: 2857 | Q73: ,C | R73: upstream_gene_variant | S73: MODIFIER | T73: CP02G000082 | U73: CP02G000082 | V73: transcript | W73: CP02G000082.mRNA1 | X73: protein_coding | Y73: c.-1643A>G | Z73: 1643 | AA73: ,C | AB73: upstream_gene_variant | AC73: MODIFIER | AD73: CP02G000083 | AE73: CP02G000083 | AF73: transcript | AG73: CP02G000083.mRNA1 | AH73: protein_coding | AI73: c.-204A>G | AJ73: 204 | AK73: ,C | AL73: upstream_gene_variant | AM73: MODIFIER | AN73: CP02G000084 | AO73: CP02G000084 | AP73: transcript | AQ73: CP02G000084.mRNA1 | AR73: protein_coding | AS73: c.-51T>C | AT73: 51 | AU73: ,C | AV73: downstream_gene_variant | AW73: MODIFIER | AX73: CP02G000080 | AY73: CP02G000080 | AZ73: transcript | BA73: CP02G000080.mRNA1 | BB73: protein_coding | BC73: c.*4176T>C | BD73: 4176 | BE73: ,C | BF73: downstream_gene_variant | BG73: MODIFIER | BH73: CP02G000085 | BI73: CP02G000085 | BJ73: transcript | BK73: CP02G000085.mRNA1 | BL73: protein_coding | BM73: c.*981A>G | BN73: 981 | BO73: ,C | BP73: downstream_gene_variant | BQ73: MODIFIER | BR73: CP02G000086 | BS73: CP02G000086 | BT73: transcript | BU73: CP02G000086.mRNA1 | BV73: protein_coding | BW73: c.*2516A>G | BX73: 2516 | BY73: ,C | BZ73: downstream_gene_variant | CA73: MODIFIER | CB73: CP02G000087 | CC73: CP02G000087 | CD73: transcript | CE73: CP02G000087.mRNA1 | CF73: protein_coding | CG73: c.*3624A>G | CH73: 3624 | CI73: ,C | CJ73: downstream_gene_variant | CK73: MODIFIER | CL73: CP02G000088 | CM73: CP02G000088 | CN73: transcript | CO73: CP02G000088.mRNA1 | CP73: protein_coding | CQ73: c.*4852A>G | CR73: 4852 | CS73: ,C | CT73: intergenic_region | CU73: MODIFIER | CV73: CP02G000083-CP02G000084 | CW73: CP02G000083-CP02G000084 | CX73: intergenic_region | CY73: CP02G000083-CP02G000084 | CZ73: n.198179T>C | DB73: c.*2516A>G | DG73: 2516 | DH73: ,C | DI73: downstream_gene_variant | DJ73: MODIFIER | DK73: CP02G000087 | DL73: CP02G000087 | DM73: transcript | DN73: CP02G000087.mRNA1 | DO73: protein_coding | DQ73: c.*3624A>G | DV73: 3624 | DW73: ,C | DX73: downstream_gene_variant | DY73: MODIFIER | DZ73: CP02G000088 | EA73: CP02G000088 | EB73: transcript | EC73: CP02G000088.mRNA1 | ED73: protein_coding | EF73: c.*4852A>G | EK73: 4852 | EL73: ,C | EM73: intergenic_region | EN73: MODIFIER | EO73: CP02G000083-CP02G000084 | EP73: CP02G000083-CP02G000084 | EQ73: intergenic_region | ER73: CP02G000083-CP02G000084 | EU73: n.198179T>C
A74: 2 | B74: 198180 | C74: 2__198180 | D74: T | E74: =VLOOKUP(C74,significant_snps!#REF!,6,FALSE) -> #REF! | F74: ANN=C | G74: upstream_gene_variant | H74: MODIFIER | I74: CP02G000081 | J74: cgd_2g810 | K74: CP02G000081 | L74: calmodulin | M74: CP02G000081.mRNA1 | N74: protein_coding | O74: c.-2858A>G | P74: 2858 | Q74: ,C | R74: upstream_gene_variant | S74: MODIFIER | T74: CP02G000082 | U74: CP02G000082 | V74: transcript | W74: CP02G000082.mRNA1 | X74: protein_coding | Y74: c.-1644A>G | Z74: 1644 | AA74: ,C | AB74: upstream_gene_variant | AC74: MODIFIER | AD74: CP02G000083 | AE74: CP02G000083 | AF74: transcript | AG74: CP02G000083.mRNA1 | AH74: protein_coding | AI74: c.-205A>G | AJ74: 205 | AK74: ,C | AL74: upstream_gene_variant | AM74: MODIFIER | AN74: CP02G000084 | AO74: CP02G000084 | AP74: transcript | AQ74: CP02G000084.mRNA1 | AR74: protein_coding | AS74: c.-50T>C | AT74: 50 | AU74: ,C | AV74: downstream_gene_variant | AW74: MODIFIER | AX74: CP02G000080 | AY74: CP02G000080 | AZ74: transcript | BA74: CP02G000080.mRNA1 | BB74: protein_coding | BC74: c.*4177T>C | BD74: 4177 | BE74: ,C | BF74: downstream_gene_variant | BG74: MODIFIER | BH74: CP02G000085 | BI74: CP02G000085 | BJ74: transcript | BK74: CP02G000085.mRNA1 | BL74: protein_coding | BM74: c.*980A>G | BN74: 980 | BO74: ,C | BP74: downstream_gene_variant | BQ74: MODIFIER | BR74: CP02G000086 | BS74: CP02G000086 | BT74: transcript | BU74: CP02G000086.mRNA1 | BV74: protein_coding | BW74: c.*2515A>G | BX74: 2515 | BY74: ,C | BZ74: downstream_gene_variant | CA74: MODIFIER | CB74: CP02G000087 | CC74: CP02G000087 | CD74: transcript | CE74: CP02G000087.mRNA1 | CF74: protein_coding | CG74: c.*3623A>G | CH74: 3623 | CI74: ,C | CJ74: downstream_gene_variant | CK74: MODIFIER | CL74: CP02G000088 | CM74: CP02G000088 | CN74: transcript | CO74: CP02G000088.mRNA1 | CP74: protein_coding | CQ74: c.*4851A>G | CR74: 4851 | CS74: ,C | CT74: intergenic_region | CU74: MODIFIER | CV74: CP02G000083-CP02G000084 | CW74: CP02G000083-CP02G000084 | CX74: intergenic_region | CY74: CP02G000083-CP02G000084 | CZ74: n.198180T>C | DB74: c.*2515A>G | DG74: 2515 | DH74: ,C | DI74: downstream_gene_variant | DJ74: MODIFIER | DK74: CP02G000087 | DL74: CP02G000087 | DM74: transcript | DN74: CP02G000087.mRNA1 | DO74: protein_coding | DQ74: c.*3623A>G | DV74: 3623 | DW74: ,C | DX74: downstream_gene_variant | DY74: MODIFIER | DZ74: CP02G000088 | EA74: CP02G000088 | EB74: transcript | EC74: CP02G000088.mRNA1 | ED74: protein_coding | EF74: c.*4851A>G | EK74: 4851 | EL74: ,C | EM74: intergenic_region | EN74: MODIFIER | EO74: CP02G000083-CP02G000084 | EP74: CP02G000083-CP02G000084 | EQ74: intergenic_region | ER74: CP02G000083-CP02G000084 | EU74: n.198180T>C
A75: 2 | B75: 202948 | C75: 2__202948 | D75: A | E75: =VLOOKUP(C75,significant_snps!#REF!,6,FALSE) -> #REF! | F75: ANN=G | G75: upstream_gene_variant | H75: MODIFIER | I75: CP02G000083 | J75: cgd_2g830 | K75: CP02G000083 | L75: transmembrane domain-containing protein | M75: CP02G000083.mRNA1 | N75: protein_coding | O75: c.-4973T>C | P75: 4973 | Q75: ,G | R75: upstream_gene_variant | S75: MODIFIER | T75: CP02G000085 | U75: CP02G000085 | V75: transcript | W75: CP02G000085.mRNA1 | X75: protein_coding | Y75: c.-2850T>C | Z75: 2850 | AA75: ,G | AB75: upstream_gene_variant | AC75: MODIFIER | AD75: CP02G000086 | AE75: CP02G000086 | AF75: transcript | AG75: CP02G000086.mRNA1 | AH75: protein_coding | AI75: c.-1621T>C | AJ75: 1621 | AK75: ,G | AL75: upstream_gene_variant | AM75: MODIFIER | AN75: CP02G000087 | AO75: CP02G000087 | AP75: transcript | AQ75: CP02G000087.mRNA1 | AR75: protein_coding | AS75: c.-462T>C | AT75: 462 | AU75: ,G | AV75: downstream_gene_variant | AW75: MODIFIER | AX75: CP02G000084 | AY75: CP02G000084 | AZ75: transcript | BA75: CP02G000084.mRNA1 | BB75: protein_coding | BC75: c.*3877A>G | BD75: 3877 | BE75: ,G | BF75: downstream_gene_variant | BG75: MODIFIER | BH75: CP02G000088 | BI75: CP02G000088 | BJ75: transcript | BK75: CP02G000088.mRNA1 | BL75: protein_coding | BM75: c.*83T>C | BN75: 83 | BO75: ,G | BP75: downstream_gene_variant | BQ75: MODIFIER | BR75: CP02G000089 | BS75: CP02G000089 | BT75: transcript | BU75: CP02G000089.mRNA1 | BV75: protein_coding | BW75: c.*2297T>C | BX75: 2297 | BY75: ,G | BZ75: downstream_gene_variant | CA75: MODIFIER | CB75: CP02G000090 | CC75: CP02G000090 | CD75: transcript | CE75: CP02G000090.mRNA1 | CF75: protein_coding | CG75: c.*3070T>C | CH75: 3070 | CI75: ,G | CJ75: downstream_gene_variant | CK75: MODIFIER | CL75: CP02G000091 | CM75: CP02G000091 | CN75: transcript | CO75: CP02G000091.mRNA1 | CP75: protein_coding | CQ75: c.*4989T>C | CR75: 4989 | CS75: ,G | CT75: intergenic_region | CU75: MODIFIER | CV75: CP02G000087-CP02G000088 | CW75: CP02G000087-CP02G000088 | CX75: intergenic_region | CY75: CP02G000087-CP02G000088 | CZ75: n.202948A>G | DB75: c.*2297T>C | DG75: 2297 | DH75: ,G | DI75: downstream_gene_variant | DJ75: MODIFIER | DK75: CP02G000090 | DL75: CP02G000090 | DM75: transcript | DN75: CP02G000090.mRNA1 | DO75: protein_coding | DQ75: c.*3070T>C | DV75: 3070 | DW75: ,G | DX75: downstream_gene_variant | DY75: MODIFIER | DZ75: CP02G000091 | EA75: CP02G000091 | EB75: transcript | EC75: CP02G000091.mRNA1 | ED75: protein_coding | EF75: c.*4989T>C | EK75: 4989 | EL75: ,G | EM75: intergenic_region | EN75: MODIFIER | EO75: CP02G000087-CP02G000088 | EP75: CP02G000087-CP02G000088 | EQ75: intergenic_region | ER75: CP02G000087-CP02G000088 | EU75: n.202948A>G
A76: 2 | B76: 229557 | C76: 2__229557 | D76: A | E76: =VLOOKUP(C76,significant_snps!#REF!,6,FALSE) -> #REF! | F76: ANN=C | G76: upstream_gene_variant | H76: MODIFIER | I76: CP02G000098 | J76: cgd_2g970 | K76: CP02G000098 | L76: hypothetical protein | M76: CP02G000098.mRNA1 | N76: protein_coding | O76: c.-1287T>G | P76: 1287 | Q76: ,C | R76: downstream_gene_variant | S76: MODIFIER | T76: CP02G000097 | U76: CP02G000097 | V76: transcript | W76: CP02G000097.mRNA1 | X76: protein_coding | Y76: c.*3698A>C | Z76: 3698 | AA76: ,C | AB76: downstream_gene_variant | AC76: MODIFIER | AD76: CP02G000099 | AE76: CP02G000099 | AF76: transcript | AG76: CP02G000099.mRNA1 | AH76: protein_coding | AI76: c.*156A>C | AJ76: 156 | AK76: ,C | AL76: downstream_gene_variant | AM76: MODIFIER | AN76: CP02G000100 | AO76: CP02G000100 | AP76: transcript | AQ76: CP02G000100.mRNA1 | AR76: protein_coding | AS76: c.*364T>G | AT76: 364 | AU76: ,C | AV76: downstream_gene_variant | AW76: MODIFIER | AX76: CP02G000101 | AY76: CP02G000101 | AZ76: transcript | BA76: CP02G000101.mRNA1 | BB76: protein_coding | BC76: c.*2761T>G | BD76: 2761 | BE76: ,C | BF76: intergenic_region | BG76: MODIFIER | BH76: CP02G000099-CP02G000100 | BI76: CP02G000099-CP02G000100 | BJ76: intergenic_region | BK76: CP02G000099-CP02G000100 | BL76: n.229557A>C
A77: 2 | B77: 230196 | C77: 2__230196 | D77: T | E77: =VLOOKUP(C77,significant_snps!#REF!,6,FALSE) -> #REF! | F77: ANN=C | G77: missense_variant | H77: MODERATE | I77: CP02G000100 | J77: cgd_2g990 | K77: CP02G000100 | L77: queuine tRNA-guanine transglycosylase | M77: CP02G000100.mRNA1 | N77: protein_coding | O77: 1/1 | P77: c.1624A>G | Q77: p.Asn542Asp | R77: 1624/1899 | S77: 1624/1899 | T77: 542/632 | U77: ,C | V77: upstream_gene_variant | W77: MODIFIER | X77: CP02G000098 | Y77: CP02G000098 | Z77: transcript | AA77: CP02G000098.mRNA1 | AB77: protein_coding | AC77: c.-1926A>G | AD77: 1926 | AE77: ,C | AF77: downstream_gene_variant | AG77: MODIFIER | AH77: CP02G000097 | AI77: CP02G000097 | AJ77: transcript | AK77: CP02G000097.mRNA1 | AL77: protein_coding | AM77: c.*4337T>C | AN77: 4337 | AO77: ,C | AP77: downstream_gene_variant | AQ77: MODIFIER | AR77: CP02G000099 | AS77: CP02G000099 | AT77: transcript | AU77: CP02G000099.mRNA1 | AV77: protein_coding | AW77: c.*795T>C | AX77: 795 | AY77: ,C | AZ77: downstream_gene_variant | BA77: MODIFIER | BB77: CP02G000101 | BC77: CP02G000101 | BD77: transcript | BE77: CP02G000101.mRNA1 | BF77: protein_coding | BG77: c.*2122A>G | BH77: 2122
A78: 2 | B78: 232084 | C78: 2__232084 | D78: A | E78: =VLOOKUP(C78,significant_snps!#REF!,6,FALSE) -> #REF! | F78: ANN=G | G78: upstream_gene_variant | H78: MODIFIER | I78: CP02G000098 | J78: cgd_2g970 | K78: CP02G000098 | L78: hypothetical protein | M78: CP02G000098.mRNA1 | N78: protein_coding | O78: c.-3814T>C | P78: 3814 | Q78: ,G | R78: upstream_gene_variant | S78: MODIFIER | T78: CP02G000100 | U78: CP02G000100 | V78: transcript | W78: CP02G000100.mRNA1 | X78: protein_coding | Y78: c.-265T>C | Z78: 265 | AA78: ,G | AB78: upstream_gene_variant | AC78: MODIFIER | AD78: CP02G000102 | AE78: CP02G000102 | AF78: transcript | AG78: CP02G000102.mRNA1 | AH78: protein_coding | AI78: c.-3172A>G | AJ78: 3172 | AK78: ,G | AL78: downstream_gene_variant | AM78: MODIFIER | AN78: CP02G000099 | AO78: CP02G000099 | AP78: transcript | AQ78: CP02G000099.mRNA1 | AR78: protein_coding | AS78: c.*2683A>G | AT78: 2683 | AU78: ,G | AV78: downstream_gene_variant | AW78: MODIFIER | AX78: CP02G000101 | AY78: CP02G000101 | AZ78: transcript | BA78: CP02G000101.mRNA1 | BB78: protein_coding | BC78: c.*234T>C | BD78: 234 | BE78: ,G | BF78: intergenic_region | BG78: MODIFIER | BH78: CP02G000100-CP02G000101 | BI78: CP02G000100-CP02G000101 | BJ78: intergenic_region | BK78: CP02G000100-CP02G000101 | BL78: n.232084A>G
A79: 2 | B79: 237046 | C79: 2__237046 | D79: A | E79: =VLOOKUP(C79,significant_snps!#REF!,6,FALSE) -> #REF! | F79: ANN=G | G79: upstream_gene_variant | H79: MODIFIER | I79: CP02G000101 | J79: cgd_2g1000 | K79: CP02G000101 | L79: bruno-like and RRM domain-containing RNA binding | M79: CP02G000101.mRNA1 | N79: protein_coding | O79: c.-2815T>C | P79: 2815 | Q79: ,G | R79: upstream_gene_variant | S79: MODIFIER | T79: CP02G000103 | U79: CP02G000103 | V79: transcript | W79: CP02G000103.mRNA1 | X79: protein_coding | Y79: c.-1095A>G | Z79: 1095 | AA79: ,G | AB79: upstream_gene_variant | AC79: MODIFIER | AD79: CP02G000106 | AE79: CP02G000106 | AF79: transcript | AG79: CP02G000106.mRNA1 | AH79: protein_coding | AI79: c.-4865A>G | AJ79: 4865 | AK79: ,G | AL79: downstream_gene_variant | AM79: MODIFIER | AN79: CP02G000102 | AO79: CP02G000102 | AP79: transcript | AQ79: CP02G000102.mRNA1 | AR79: protein_coding | AS79: c.*30A>G | AT79: 30 | AU79: ,G | AV79: downstream_gene_variant | AW79: MODIFIER | AX79: CP02G000104 | AY79: CP02G000104 | AZ79: transcript | BA79: CP02G000104.mRNA1 | BB79: protein_coding | BC79: c.*2692T>C | BD79: 2692 | BE79: ,G | BF79: downstream_gene_variant | BG79: MODIFIER | BH79: CP02G000105 | BI79: CP02G000105 | BJ79: transcript | BK79: CP02G000105.mRNA1 | BL79: protein_coding | BM79: c.*3709T>C | BN79: 3709 | BO79: ,G | BP79: intergenic_region | BQ79: MODIFIER | BR79: CP02G000102-CP02G000103 | BS79: CP02G000102-CP02G000103 | BT79: intergenic_region | BU79: CP02G000102-CP02G000103 | BV79: n.237046A>G | DB79: n.237046A>G
A80: 2 | B80: 237908 | C80: 2__237908 | D80: C | E80: =VLOOKUP(C80,significant_snps!#REF!,6,FALSE) -> #REF! | F80: ANN=T | G80: upstream_gene_variant | H80: MODIFIER | I80: CP02G000101 | J80: cgd_2g1000 | K80: CP02G000101 | L80: bruno-like and RRM domain-containing RNA binding | M80: CP02G000101.mRNA1 | N80: protein_coding | O80: c.-3677G>A | P80: 3677 | Q80: ,T | R80: upstream_gene_variant | S80: MODIFIER | T80: CP02G000103 | U80: CP02G000103 | V80: transcript | W80: CP02G000103.mRNA1 | X80: protein_coding | Y80: c.-233C>T | Z80: 233 | AA80: ,T | AB80: upstream_gene_variant | AC80: MODIFIER | AD80: CP02G000106 | AE80: CP02G000106 | AF80: transcript | AG80: CP02G000106.mRNA1 | AH80: protein_coding | AI80: c.-4003C>T | AJ80: 4003 | AK80: ,T | AL80: downstream_gene_variant | AM80: MODIFIER | AN80: CP02G000102 | AO80: CP02G000102 | AP80: transcript | AQ80: CP02G000102.mRNA1 | AR80: protein_coding | AS80: c.*892C>T | AT80: 892 | AU80: ,T | AV80: downstream_gene_variant | AW80: MODIFIER | AX80: CP02G000104 | AY80: CP02G000104 | AZ80: transcript | BA80: CP02G000104.mRNA1 | BB80: protein_coding | BC80: c.*1830G>A | BD80: 1830 | BE80: ,T | BF80: downstream_gene_variant | BG80: MODIFIER | BH80: CP02G000105 | BI80: CP02G000105 | BJ80: transcript | BK80: CP02G000105.mRNA1 | BL80: protein_coding | BM80: c.*2847G>A | BN80: 2847 | BO80: ,T | BP80: intergenic_region | BQ80: MODIFIER | BR80: CP02G000102-CP02G000103 | BS80: CP02G000102-CP02G000103 | BT80: intergenic_region | BU80: CP02G000102-CP02G000103 | BV80: n.237908C>T | DB80: n.237908C>T
A81: 2 | B81: 241490 | C81: 2__241490 | D81: C | E81: =VLOOKUP(C81,significant_snps!#REF!,6,FALSE) -> #REF! | F81: ANN=T | G81: upstream_gene_variant | H81: MODIFIER | I81: CP02G000104 | J81: cgd_2g1030 | K81: CP02G000104 | L81: putative mitochondrial carrier protein | M81: CP02G000104.mRNA1 | N81: protein_coding | O81: c.-808G>A | P81: 808 | Q81: ,T | R81: upstream_gene_variant | S81: MODIFIER | T81: CP02G000105 | U81: CP02G000105 | V81: transcript | W81: CP02G000105.mRNA1 | X81: protein_coding | Y81: c.-5G>A | Z81: 5 | AA81: ,T | AB81: upstream_gene_variant | AC81: MODIFIER | AD81: CP02G000106 | AE81: CP02G000106 | AF81: transcript | AG81: CP02G000106.mRNA1 | AH81: protein_coding | AI81: c.-421C>T | AJ81: 421 | AK81: ,T | AL81: upstream_gene_variant | AM81: MODIFIER | AN81: CP02G000108 | AO81: CP02G000108 | AP81: transcript | AQ81: CP02G000108.mRNA1 | AR81: protein_coding | AS81: c.-4841C>T | AT81: 4841 | AU81: ,T | AV81: downstream_gene_variant | AW81: MODIFIER | AX81: CP02G000102 | AY81: CP02G000102 | AZ81: transcript | BA81: CP02G000102.mRNA1 | BB81: protein_coding | BC81: c.*4474C>T | BD81: 4474 | BE81: ,T | BF81: downstream_gene_variant | BG81: MODIFIER | BH81: CP02G000103 | BI81: CP02G000103 | BJ81: transcript | BK81: CP02G000103.mRNA1 | BL81: protein_coding | BM81: c.*2057C>T | BN81: 2057 | BO81: ,T | BP81: downstream_gene_variant | BQ81: MODIFIER | BR81: CP02G000107 | BS81: CP02G000107 | BT81: transcript | BU81: CP02G000107.mRNA1 | BV81: protein_coding | BW81: c.*1596G>A | BX81: 1596 | BY81: ,T | BZ81: intergenic_region | CA81: MODIFIER | CB81: CP02G000105-CP02G000106 | CC81: CP02G000105-CP02G000106 | CD81: intergenic_region | CE81: CP02G000105-CP02G000106 | CF81: n.241490C>T | DB81: c.*1596G>A | DG81: 1596 | DH81: ,T | DI81: intergenic_region | DJ81: MODIFIER | DK81: CP02G000105-CP02G000106 | DL81: CP02G000105-CP02G000106 | DM81: intergenic_region | DN81: CP02G000105-CP02G000106 | DQ81: n.241490C>T
A82: 2 | B82: 249335 | C82: 2__249335 | D82: A | E82: =VLOOKUP(C82,significant_snps!#REF!,6,FALSE) -> #REF! | F82: ANN=G | G82: synonymous_variant | H82: LOW | I82: CP02G000110 | J82: cgd_2g1090 | K82: CP02G000110 | L82: diacylglycerol acyltransferase 1 | M82: CP02G000110.mRNA1 | N82: protein_coding | O82: 1/1 | P82: c.924T>C | Q82: p.Leu308Leu | R82: 924/1518 | S82: 924/1518 | T82: 308/505 | U82: ,G | V82: upstream_gene_variant | W82: MODIFIER | X82: CP02G000107 | Y82: CP02G000107 | Z82: transcript | AA82: CP02G000107.mRNA1 | AB82: protein_coding | AC82: c.-4093T>C | AD82: 4093 | AE82: ,G | AF82: upstream_gene_variant | AG82: MODIFIER | AH82: CP02G000109 | AI82: CP02G000109 | AJ82: transcript | AK82: CP02G000109.mRNA1 | AL82: protein_coding | AM82: c.-734T>C | AN82: 734 | AO82: ,G | AP82: upstream_gene_variant | AQ82: MODIFIER | AR82: CP02G000112 | AS82: CP02G000112 | AT82: transcript | AU82: CP02G000112.mRNA1 | AV82: protein_coding | AW82: c.-4633A>G | AX82: 4633 | AY82: ,G | AZ82: downstream_gene_variant | BA82: MODIFIER | BB82: CP02G000108 | BC82: CP02G000108 | BD82: transcript | BE82: CP02G000108.mRNA1 | BF82: protein_coding | BG82: c.*2684A>G | BH82: 2684 | BI82: ,G | BJ82: downstream_gene_variant | BK82: MODIFIER | BL82: CP02G000111 | BM82: CP02G000111 | BN82: transcript | BO82: CP02G000111.mRNA1 | BP82: protein_coding | BQ82: c.*1236T>C | BR82: 1236
A83: 2 | B83: 267621 | C83: 2__267621 | D83: A | E83: =VLOOKUP(C83,significant_snps!#REF!,6,FALSE) -> #REF! | F83: ANN=T | G83: missense_variant | H83: MODERATE | I83: CP02G000119 | J83: cgd_2g1190 | K83: CP02G000119 | L83: methylase | M83: CP02G000119.mRNA1 | N83: protein_coding | O83: 1/1 | P83: c.997T>A | Q83: p.Cys333Ser | R83: 997/1863 | S83: 997/1863 | T83: 333/620 | U83: ,T | V83: upstream_gene_variant | W83: MODIFIER | X83: CP02G000117 | Y83: CP02G000117 | Z83: transcript | AA83: CP02G000117.mRNA1 | AB83: protein_coding | AC83: c.-2841T>A | AD83: 2841 | AE83: ,T | AF83: upstream_gene_variant | AG83: MODIFIER | AH83: CP02G000121 | AI83: CP02G000121 | AJ83: transcript | AK83: CP02G000121.mRNA1 | AL83: protein_coding | AM83: c.-2588A>T | AN83: 2588 | AO83: ,T | AP83: upstream_gene_variant | AQ83: MODIFIER | AR83: CP02G000122 | AS83: CP02G000122 | AT83: transcript | AU83: CP02G000122.mRNA1 | AV83: protein_coding | AW83: c.-3458A>T | AX83: 3458 | AY83: ,T | AZ83: downstream_gene_variant | BA83: MODIFIER | BB83: CP02G000118 | BC83: CP02G000118 | BD83: transcript | BE83: CP02G000118.mRNA1 | BF83: protein_coding | BG83: c.*876A>T | BH83: 876 | BI83: ,T | BJ83: downstream_gene_variant | BK83: MODIFIER | BL83: CP02G000120 | BM83: CP02G000120 | BN83: transcript | BO83: CP02G000120.mRNA1 | BP83: protein_coding | BQ83: c.*1341T>A | BR83: 1341
A84: 2 | B84: 282383 | C84: 2__282383 | D84: C | E84: =VLOOKUP(C84,significant_snps!#REF!,6,FALSE) -> #REF! | F84: ANN=T | G84: synonymous_variant | H84: LOW | I84: CP02G000126 | J84: cgd_2g1260 | K84: CP02G000126 | L84: hypothetical protein | M84: CP02G000126.mRNA1 | N84: protein_coding | O84: 1/1 | P84: c.1749C>T | Q84: p.Asp583Asp | R84: 1749/2436 | S84: 1749/2436 | T84: 583/811 | U84: ,T | V84: upstream_gene_variant | W84: MODIFIER | X84: CP02G000125 | Y84: CP02G000125 | Z84: transcript | AA84: CP02G000125.mRNA1 | AB84: protein_coding | AC84: c.-2386G>A | AD84: 2386 | AE84: ,T | AF84: upstream_gene_variant | AG84: MODIFIER | AH84: CP02G000128 | AI84: CP02G000128 | AJ84: transcript | AK84: CP02G000128.mRNA1 | AL84: protein_coding | AM84: c.-3556C>T | AN84: 3556 | AO84: ,T | AP84: downstream_gene_variant | AQ84: MODIFIER | AR84: CP02G000127 | AS84: CP02G000127 | AT84: transcript | AU84: CP02G000127.mRNA1 | AV84: protein_coding | AW84: c.*698G>A | AX84: 698
A85: 2 | B85: 282713 | C85: 2__282713 | D85: T | E85: =VLOOKUP(C85,significant_snps!#REF!,6,FALSE) -> #REF! | F85: ANN=C | G85: synonymous_variant | H85: LOW | I85: CP02G000126 | J85: cgd_2g1260 | K85: CP02G000126 | L85: hypothetical protein | M85: CP02G000126.mRNA1 | N85: protein_coding | O85: 1/1 | P85: c.2079T>C | Q85: p.Asn693Asn | R85: 2079/2436 | S85: 2079/2436 | T85: 693/811 | U85: ,C | V85: upstream_gene_variant | W85: MODIFIER | X85: CP02G000125 | Y85: CP02G000125 | Z85: transcript | AA85: CP02G000125.mRNA1 | AB85: protein_coding | AC85: c.-2716A>G | AD85: 2716 | AE85: ,C | AF85: upstream_gene_variant | AG85: MODIFIER | AH85: CP02G000128 | AI85: CP02G000128 | AJ85: transcript | AK85: CP02G000128.mRNA1 | AL85: protein_coding | AM85: c.-3226T>C | AN85: 3226 | AO85: ,C | AP85: downstream_gene_variant | AQ85: MODIFIER | AR85: CP02G000127 | AS85: CP02G000127 | AT85: transcript | AU85: CP02G000127.mRNA1 | AV85: protein_coding | AW85: c.*368A>G | AX85: 368
A86: 2 | B86: 283102 | C86: 2__283102 | D86: G | E86: =VLOOKUP(C86,significant_snps!#REF!,6,FALSE) -> #REF! | F86: ANN=A | G86: synonymous_variant | H86: LOW | I86: CP02G000127 | J86: cgd_2g1270 | K86: CP02G000127 | L86: membrane associated adenylyl cyclase | M86: CP02G000127.mRNA1 | N86: protein_coding | O86: 1/1 | P86: c.2466C>T | Q86: p.Tyr822Tyr | R86: 2466/2487 | S86: 2466/2487 | T86: 822/828 | U86: ,A | V86: upstream_gene_variant | W86: MODIFIER | X86: CP02G000125 | Y86: CP02G000125 | Z86: transcript | AA86: CP02G000125.mRNA1 | AB86: protein_coding | AC86: c.-3105C>T | AD86: 3105 | AE86: ,A | AF86: upstream_gene_variant | AG86: MODIFIER | AH86: CP02G000128 | AI86: CP02G000128 | AJ86: transcript | AK86: CP02G000128.mRNA1 | AL86: protein_coding | AM86: c.-2837G>A | AN86: 2837 | AO86: ,A | AP86: downstream_gene_variant | AQ86: MODIFIER | AR86: CP02G000126 | AS86: CP02G000126 | AT86: transcript | AU86: CP02G000126.mRNA1 | AV86: protein_coding | AW86: c.*32G>A | AX86: 32 | AY86: ,A | AZ86: downstream_gene_variant | BA86: MODIFIER | BB86: CP02G000129 | BC86: CP02G000129 | BD86: transcript | BE86: CP02G000129.mRNA1 | BF86: protein_coding | BG86: c.*4974C>T | BH86: 4974
A87: 2 | B87: 283330 | C87: 2__283330 | D87: G | E87: =VLOOKUP(C87,significant_snps!#REF!,6,FALSE) -> #REF! | F87: ANN=A | G87: synonymous_variant | H87: LOW | I87: CP02G000127 | J87: cgd_2g1270 | K87: CP02G000127 | L87: membrane associated adenylyl cyclase | M87: CP02G000127.mRNA1 | N87: protein_coding | O87: 1/1 | P87: c.2238C>T | Q87: p.Asp746Asp | R87: 2238/2487 | S87: 2238/2487 | T87: 746/828 | U87: ,A | V87: upstream_gene_variant | W87: MODIFIER | X87: CP02G000125 | Y87: CP02G000125 | Z87: transcript | AA87: CP02G000125.mRNA1 | AB87: protein_coding | AC87: c.-3333C>T | AD87: 3333 | AE87: ,A | AF87: upstream_gene_variant | AG87: MODIFIER | AH87: CP02G000128 | AI87: CP02G000128 | AJ87: transcript | AK87: CP02G000128.mRNA1 | AL87: protein_coding | AM87: c.-2609G>A | AN87: 2609 | AO87: ,A | AP87: downstream_gene_variant | AQ87: MODIFIER | AR87: CP02G000126 | AS87: CP02G000126 | AT87: transcript | AU87: CP02G000126.mRNA1 | AV87: protein_coding | AW87: c.*260G>A | AX87: 260 | AY87: ,A | AZ87: downstream_gene_variant | BA87: MODIFIER | BB87: CP02G000129 | BC87: CP02G000129 | BD87: transcript | BE87: CP02G000129.mRNA1 | BF87: protein_coding | BG87: c.*4746C>T | BH87: 4746
A88: 2 | B88: 283543 | C88: 2__283543 | D88: C | E88: =VLOOKUP(C88,significant_snps!#REF!,6,FALSE) -> #REF! | F88: ANN=T | G88: synonymous_variant | H88: LOW | I88: CP02G000127 | J88: cgd_2g1270 | K88: CP02G000127 | L88: membrane associated adenylyl cyclase | M88: CP02G000127.mRNA1 | N88: protein_coding | O88: 1/1 | P88: c.2025G>A | Q88: p.Leu675Leu | R88: 2025/2487 | S88: 2025/2487 | T88: 675/828 | U88: ,T | V88: upstream_gene_variant | W88: MODIFIER | X88: CP02G000125 | Y88: CP02G000125 | Z88: transcript | AA88: CP02G000125.mRNA1 | AB88: protein_coding | AC88: c.-3546G>A | AD88: 3546 | AE88: ,T | AF88: upstream_gene_variant | AG88: MODIFIER | AH88: CP02G000128 | AI88: CP02G000128 | AJ88: transcript | AK88: CP02G000128.mRNA1 | AL88: protein_coding | AM88: c.-2396C>T | AN88: 2396 | AO88: ,T | AP88: downstream_gene_variant | AQ88: MODIFIER | AR88: CP02G000126 | AS88: CP02G000126 | AT88: transcript | AU88: CP02G000126.mRNA1 | AV88: protein_coding | AW88: c.*473C>T | AX88: 473 | AY88: ,T | AZ88: downstream_gene_variant | BA88: MODIFIER | BB88: CP02G000129 | BC88: CP02G000129 | BD88: transcript | BE88: CP02G000129.mRNA1 | BF88: protein_coding | BG88: c.*4533G>A | BH88: 4533
A89: 2 | B89: 283672 | C89: 2__283672 | D89: T | E89: =VLOOKUP(C89,significant_snps!#REF!,6,FALSE) -> #REF! | F89: ANN=C | G89: synonymous_variant | H89: LOW | I89: CP02G000127 | J89: cgd_2g1270 | K89: CP02G000127 | L89: membrane associated adenylyl cyclase | M89: CP02G000127.mRNA1 | N89: protein_coding | O89: 1/1 | P89: c.1896A>G | Q89: p.Leu632Leu | R89: 1896/2487 | S89: 1896/2487 | T89: 632/828 | U89: ,C | V89: upstream_gene_variant | W89: MODIFIER | X89: CP02G000125 | Y89: CP02G000125 | Z89: transcript | AA89: CP02G000125.mRNA1 | AB89: protein_coding | AC89: c.-3675A>G | AD89: 3675 | AE89: ,C | AF89: upstream_gene_variant | AG89: MODIFIER | AH89: CP02G000128 | AI89: CP02G000128 | AJ89: transcript | AK89: CP02G000128.mRNA1 | AL89: protein_coding | AM89: c.-2267T>C | AN89: 2267 | AO89: ,C | AP89: downstream_gene_variant | AQ89: MODIFIER | AR89: CP02G000126 | AS89: CP02G000126 | AT89: transcript | AU89: CP02G000126.mRNA1 | AV89: protein_coding | AW89: c.*602T>C | AX89: 602 | AY89: ,C | AZ89: downstream_gene_variant | BA89: MODIFIER | BB89: CP02G000129 | BC89: CP02G000129 | BD89: transcript | BE89: CP02G000129.mRNA1 | BF89: protein_coding | BG89: c.*4404A>G | BH89: 4404
A90: 2 | B90: 287664 | C90: 2__287664 | D90: G | E90: =VLOOKUP(C90,significant_snps!#REF!,6,FALSE) -> #REF! | F90: ANN=A | G90: missense_variant | H90: MODERATE | I90: CP02G000128 | J90: cgd_2g1280 | K90: CP02G000128 | L90: hypothetical protein | M90: CP02G000128.mRNA1 | N90: protein_coding | O90: 1/1 | P90: c.1726G>A | Q90: p.Gly576Arg | R90: 1726/2058 | S90: 1726/2058 | T90: 576/685 | U90: ,A | V90: upstream_gene_variant | W90: MODIFIER | X90: CP02G000127 | Y90: CP02G000127 | Z90: transcript | AA90: CP02G000127.mRNA1 | AB90: protein_coding | AC90: c.-2097C>T | AD90: 2097 | AE90: ,A | AF90: downstream_gene_variant | AG90: MODIFIER | AH90: CP02G000126 | AI90: CP02G000126 | AJ90: transcript | AK90: CP02G000126.mRNA1 | AL90: protein_coding | AM90: c.*4594G>A | AN90: 4594 | AO90: ,A | AP90: downstream_gene_variant | AQ90: MODIFIER | AR90: CP02G000129 | AS90: CP02G000129 | AT90: transcript | AU90: CP02G000129.mRNA1 | AV90: protein_coding | AW90: c.*412C>T | AX90: 412 | AY90: ,A | AZ90: downstream_gene_variant | BA90: MODIFIER | BB90: CP02G000130 | BC90: CP02G000130 | BD90: transcript | BE90: CP02G000130.mRNA1 | BF90: protein_coding | BG90: c.*1951C>T | BH90: 1951 | BI90: ,A | BJ90: downstream_gene_variant | BK90: MODIFIER | BL90: CP02G000131 | BM90: CP02G000131 | BN90: transcript | BO90: CP02G000131.mRNA1 | BP90: protein_coding | BQ90: c.*4417C>T | BR90: 4417
A91: 2 | B91: 292951 | C91: 2__292951 | D91: G | E91: =VLOOKUP(C91,significant_snps!#REF!,6,FALSE) -> #REF! | F91: ANN=T | G91: missense_variant | H91: MODERATE | I91: CP02G000131 | J91: cgd_2g1310 | K91: CP02G000131 | L91: transmembrane domain-containing protein | M91: CP02G000131.mRNA1 | N91: protein_coding | O91: 1/1 | P91: c.579C>A | Q91: p.Phe193Leu | R91: 579/1449 | S91: 579/1449 | T91: 193/482 | U91: ,T | V91: upstream_gene_variant | W91: MODIFIER | X91: CP02G000129 | Y91: CP02G000129 | Z91: transcript | AA91: CP02G000129.mRNA1 | AB91: protein_coding | AC91: c.-3607C>A | AD91: 3607 | AE91: ,T | AF91: upstream_gene_variant | AG91: MODIFIER | AH91: CP02G000130 | AI91: CP02G000130 | AJ91: transcript | AK91: CP02G000130.mRNA1 | AL91: protein_coding | AM91: c.-1303C>A | AN91: 1303 | AO91: ,T | AP91: upstream_gene_variant | AQ91: MODIFIER | AR91: CP02G000132 | AS91: CP02G000132 | AT91: transcript | AU91: CP02G000132.mRNA1 | AV91: protein_coding | AW91: c.-848G>T | AX91: 848 | AY91: ,T | AZ91: upstream_gene_variant | BA91: MODIFIER | BB91: CP02G000133 | BC91: CP02G000133 | BD91: transcript | BE91: CP02G000133.mRNA1 | BF91: protein_coding | BG91: c.-3062G>T | BH91: 3062 | BI91: ,T | BJ91: downstream_gene_variant | BK91: MODIFIER | BL91: CP02G000128 | BM91: CP02G000128 | BN91: transcript | BO91: CP02G000128.mRNA1 | BP91: protein_coding | BQ91: c.*4955G>T | BR91: 4955
A92: 2 | B92: 296881 | C92: 2__296881 | D92: A | E92: =VLOOKUP(C92,significant_snps!#REF!,6,FALSE) -> #REF! | F92: ANN=G | G92: missense_variant | H92: MODERATE | I92: CP02G000133 | J92: cgd_2g1340 | K92: CP02G000133 | L92: putative phosphatidylinositol 3- and | M92: CP02G000133.mRNA1 | N92: protein_coding | O92: 1/1 | P92: c.869A>G | Q92: p.Lys290Arg | R92: 869/2037 | S92: 869/2037 | T92: 290/678 | U92: ,G | V92: upstream_gene_variant | W92: MODIFIER | X92: CP02G000131 | Y92: CP02G000131 | Z92: transcript | AA92: CP02G000131.mRNA1 | AB92: protein_coding | AC92: c.-3352T>C | AD92: 3352 | AE92: ,G | AF92: upstream_gene_variant | AG92: MODIFIER | AH92: CP02G000135 | AI92: CP02G000135 | AJ92: transcript | AK92: CP02G000135.mRNA1 | AL92: protein_coding | AM92: c.-2952A>G | AN92: 2952 | AO92: ,G | AP92: upstream_gene_variant | AQ92: MODIFIER | AR92: CP02G000136 | AS92: CP02G000136 | AT92: transcript | AU92: CP02G000136.mRNA1 | AV92: protein_coding | AW92: c.-4858A>G | AX92: 4858 | AY92: ,G | AZ92: downstream_gene_variant | BA92: MODIFIER | BB92: CP02G000132 | BC92: CP02G000132 | BD92: transcript | BE92: CP02G000132.mRNA1 | BF92: protein_coding | BG92: c.*1741A>G | BH92: 1741 | BI92: ,G | BJ92: downstream_gene_variant | BK92: MODIFIER | BL92: CP02G000134 | BM92: CP02G000134 | BN92: transcript | BO92: CP02G000134.mRNA1 | BP92: protein_coding | BQ92: c.*1241T>C | BR92: 1241
A93: 2 | B93: 301577 | C93: 2__301577 | D93: A | E93: =VLOOKUP(C93,significant_snps!#REF!,6,FALSE) -> #REF! | F93: ANN=G | G93: missense_variant | H93: MODERATE | I93: CP02G000135 | J93: cgd_2g1360 | K93: CP02G000135 | L93: putative ATP synthase beta chain, mitochondrial | M93: CP02G000135.mRNA1 | N93: protein_coding | O93: 2/2 | P93: c.1604A>G | Q93: p.Lys535Arg | R93: 1604/1623 | S93: 1604/1623 | T93: 535/540 | U93: ,G | V93: upstream_gene_variant | W93: MODIFIER | X93: CP02G000134 | Y93: CP02G000134 | Z93: transcript | AA93: CP02G000134.mRNA1 | AB93: protein_coding | AC93: c.-2178T>C | AD93: 2178 | AE93: ,G | AF93: upstream_gene_variant | AG93: MODIFIER | AH93: CP02G000136 | AI93: CP02G000136 | AJ93: transcript | AK93: CP02G000136.mRNA1 | AL93: protein_coding | AM93: c.-162A>G | AN93: 162 | AO93: ,G | AP93: downstream_gene_variant | AQ93: MODIFIER | AR93: CP02G000133 | AS93: CP02G000133 | AT93: transcript | AU93: CP02G000133.mRNA1 | AV93: protein_coding | AW93: c.*3528A>G | AX93: 3528
A94: 2 | B94: 304525 | C94: 2__304525 | D94: A | E94: =VLOOKUP(C94,significant_snps!#REF!,6,FALSE) -> #REF! | F94: ANN=G | G94: downstream_gene_variant | H94: MODIFIER | I94: CP02G000135 | J94: cgd_2g1360 | K94: CP02G000135 | L94: putative ATP synthase beta chain, mitochondrial | M94: CP02G000135.mRNA1 | N94: protein_coding | O94: c.*2929A>G | P94: 2929 | Q94: ,G | R94: downstream_gene_variant | S94: MODIFIER | T94: CP02G000136 | U94: CP02G000136 | V94: transcript | W94: CP02G000136.mRNA1 | X94: protein_coding | Y94: c.*153A>G | Z94: 153 | AA94: ,G | AB94: intergenic_region | AC94: MODIFIER | AD94: CP02G000136-CP02G000137 | AE94: CP02G000136-CP02G000137 | AF94: intergenic_region | AG94: CP02G000136-CP02G000137 | AH94: n.304525A>G
A95: 2 | B95: 305137 | C95: 2__305137 | D95: G | E95: =VLOOKUP(C95,significant_snps!#REF!,6,FALSE) -> #REF! | F95: ANN=A | G95: downstream_gene_variant | H95: MODIFIER | I95: CP02G000135 | J95: cgd_2g1360 | K95: CP02G000135 | L95: putative ATP synthase beta chain, mitochondrial | M95: CP02G000135.mRNA1 | N95: protein_coding | O95: c.*3541G>A | P95: 3541 | Q95: ,A | R95: downstream_gene_variant | S95: MODIFIER | T95: CP02G000136 | U95: CP02G000136 | V95: transcript | W95: CP02G000136.mRNA1 | X95: protein_coding | Y95: c.*765G>A | Z95: 765 | AA95: ,A | AB95: intergenic_region | AC95: MODIFIER | AD95: CP02G000136-CP02G000137 | AE95: CP02G000136-CP02G000137 | AF95: intergenic_region | AG95: CP02G000136-CP02G000137 | AH95: n.305137G>A
A96: 2 | B96: 327378 | C96: 2__327378 | D96: G | E96: =VLOOKUP(C96,significant_snps!#REF!,6,FALSE) -> #REF! | F96: ANN=A | G96: upstream_gene_variant | H96: MODIFIER | I96: CP02G000148 | J96: cgd_2g1470 | K96: CP02G000148 | L96: hypothetical protein | M96: CP02G000148.mRNA1 | N96: protein_coding | O96: c.-2427C>T | P96: 2427 | Q96: ,A | R96: upstream_gene_variant | S96: MODIFIER | T96: CP02G000150 | U96: CP02G000150 | V96: transcript | W96: CP02G000150.mRNA1 | X96: protein_coding | Y96: c.-112C>T | Z96: 112 | AA96: ,A | AB96: upstream_gene_variant | AC96: MODIFIER | AD96: CP02G000151 | AE96: CP02G000151 | AF96: transcript | AG96: CP02G000151.mRNA1 | AH96: protein_coding | AI96: c.-318G>A | AJ96: 318 | AK96: ,A | AL96: upstream_gene_variant | AM96: MODIFIER | AN96: CP02G000152 | AO96: CP02G000152 | AP96: transcript | AQ96: CP02G000152.mRNA1 | AR96: protein_coding | AS96: c.-2120G>A | AT96: 2120 | AU96: ,A | AV96: downstream_gene_variant | AW96: MODIFIER | AX96: CP02G000146 | AY96: CP02G000146 | AZ96: transcript | BA96: CP02G000146.mRNA1 | BB96: protein_coding | BC96: c.*4979G>A | BD96: 4979 | BE96: ,A | BF96: downstream_gene_variant | BG96: MODIFIER | BH96: CP02G000147 | BI96: CP02G000147 | BJ96: transcript | BK96: CP02G000147.mRNA1 | BL96: protein_coding | BM96: c.*3000G>A | BN96: 3000 | BO96: ,A | BP96: downstream_gene_variant | BQ96: MODIFIER | BR96: CP02G000149 | BS96: CP02G000149 | BT96: transcript | BU96: CP02G000149.mRNA1 | BV96: protein_coding | BW96: c.*1090G>A | BX96: 1090 | BY96: ,A | BZ96: downstream_gene_variant | CA96: MODIFIER | CB96: CP02G000153 | CC96: CP02G000153 | CD96: transcript | CE96: CP02G000153.mRNA1 | CF96: protein_coding | CG96: c.*4573C>T | CH96: 4573 | CI96: ,A | CJ96: intergenic_region | CK96: MODIFIER | CL96: CP02G000150-CP02G000151 | CM96: CP02G000150-CP02G000151 | CN96: intergenic_region | CO96: CP02G000150-CP02G000151 | CP96: n.327378G>A | DB96: c.*1090G>A | DG96: 1090 | DH96: ,A | DI96: downstream_gene_variant | DJ96: MODIFIER | DK96: CP02G000153 | DL96: CP02G000153 | DM96: transcript | DN96: CP02G000153.mRNA1 | DO96: protein_coding | DQ96: c.*4573C>T | DV96: 4573 | DW96: ,A | DX96: intergenic_region | DY96: MODIFIER | DZ96: CP02G000150-CP02G000151 | EA96: CP02G000150-CP02G000151 | EB96: intergenic_region | EC96: CP02G000150-CP02G000151 | EF96: n.327378G>A
A97: 2 | B97: 327578 | C97: 2__327578 | D97: C | E97: =VLOOKUP(C97,significant_snps!#REF!,6,FALSE) -> #REF! | F97: ANN=T | G97: upstream_gene_variant | H97: MODIFIER | I97: CP02G000148 | J97: cgd_2g1470 | K97: CP02G000148 | L97: hypothetical protein | M97: CP02G000148.mRNA1 | N97: protein_coding | O97: c.-2627G>A | P97: 2627 | Q97: ,T | R97: upstream_gene_variant | S97: MODIFIER | T97: CP02G000150 | U97: CP02G000150 | V97: transcript | W97: CP02G000150.mRNA1 | X97: protein_coding | Y97: c.-312G>A | Z97: 312 | AA97: ,T | AB97: upstream_gene_variant | AC97: MODIFIER | AD97: CP02G000151 | AE97: CP02G000151 | AF97: transcript | AG97: CP02G000151.mRNA1 | AH97: protein_coding | AI97: c.-118C>T | AJ97: 118 | AK97: ,T | AL97: upstream_gene_variant | AM97: MODIFIER | AN97: CP02G000152 | AO97: CP02G000152 | AP97: transcript | AQ97: CP02G000152.mRNA1 | AR97: protein_coding | AS97: c.-1920C>T | AT97: 1920 | AU97: ,T | AV97: downstream_gene_variant | AW97: MODIFIER | AX97: CP02G000147 | AY97: CP02G000147 | AZ97: transcript | BA97: CP02G000147.mRNA1 | BB97: protein_coding | BC97: c.*3200C>T | BD97: 3200 | BE97: ,T | BF97: downstream_gene_variant | BG97: MODIFIER | BH97: CP02G000149 | BI97: CP02G000149 | BJ97: transcript | BK97: CP02G000149.mRNA1 | BL97: protein_coding | BM97: c.*1290C>T | BN97: 1290 | BO97: ,T | BP97: downstream_gene_variant | BQ97: MODIFIER | BR97: CP02G000153 | BS97: CP02G000153 | BT97: transcript | BU97: CP02G000153.mRNA1 | BV97: protein_coding | BW97: c.*4373G>A | BX97: 4373 | BY97: ,T | BZ97: intergenic_region | CA97: MODIFIER | CB97: CP02G000150-CP02G000151 | CC97: CP02G000150-CP02G000151 | CD97: intergenic_region | CE97: CP02G000150-CP02G000151 | CF97: n.327578C>T | DB97: c.*4373G>A | DG97: 4373 | DH97: ,T | DI97: intergenic_region | DJ97: MODIFIER | DK97: CP02G000150-CP02G000151 | DL97: CP02G000150-CP02G000151 | DM97: intergenic_region | DN97: CP02G000150-CP02G000151 | DQ97: n.327578C>T
A98: 2 | B98: 336076 | C98: 2__336076 | D98: G | E98: =VLOOKUP(C98,significant_snps!#REF!,6,FALSE) -> #REF! | F98: ANN=A | G98: missense_variant | H98: MODERATE | I98: CP02G000156 | J98: cgd_2g1550 | K98: CP02G000156 | L98: origin recognition complex 4 orc4p-like AAA+ | M98: CP02G000156.mRNA1 | N98: protein_coding | O98: 2/2 | P98: c.1178C>T | Q98: p.Ala393Val | R98: 1178/1512 | S98: 1178/1512 | T98: 393/503 | U98: ,A | V98: upstream_gene_variant | W98: MODIFIER | X98: CP02G000153 | Y98: CP02G000153 | Z98: transcript | AA98: CP02G000153.mRNA1 | AB98: protein_coding | AC98: c.-2347C>T | AD98: 2347 | AE98: ,A | AF98: upstream_gene_variant | AG98: MODIFIER | AH98: CP02G000154 | AI98: CP02G000154 | AJ98: transcript | AK98: CP02G000154.mRNA1 | AL98: protein_coding | AM98: c.-1069C>T | AN98: 1069 | AO98: ,A | AP98: upstream_gene_variant | AQ98: MODIFIER | AR98: CP02G000158 | AS98: CP02G000158 | AT98: transcript | AU98: CP02G000158.mRNA1 | AV98: protein_coding | AW98: c.-3167G>A | AX98: 3167 | AY98: ,A | AZ98: downstream_gene_variant | BA98: MODIFIER | BB98: CP02G000152 | BC98: CP02G000152 | BD98: transcript | BE98: CP02G000152.mRNA1 | BF98: protein_coding | BG98: c.*4161G>A | BH98: 4161 | BI98: ,A | BJ98: downstream_gene_variant | BK98: MODIFIER | BL98: CP02G000155 | BM98: CP02G000155 | BN98: transcript | BO98: CP02G000155.mRNA1 | BP98: protein_coding | BQ98: c.*326G>A | BR98: 326 | BS98: ,A | BT98: downstream_gene_variant | BU98: MODIFIER | BV98: CP02G000157 | BW98: CP02G000157 | BX98: transcript | BY98: CP02G000157.mRNA1 | BZ98: protein_coding | CA98: c.*1313C>T | CB98: 1313 | CC98: ,A | CD98: downstream_gene_variant | CE98: MODIFIER | CF98: CP02G000159 | CG98: CP02G000159 | CH98: transcript | CI98: CP02G000159.mRNA1 | CJ98: protein_coding | CK98: c.*4552C>T | CL98: 4552 | DB98: c.*1313C>T | DG98: 1313 | DH98: ,A | DI98: downstream_gene_variant | DJ98: MODIFIER | DK98: CP02G000159 | DL98: CP02G000159 | DM98: transcript | DN98: CP02G000159.mRNA1 | DO98: protein_coding | DQ98: c.*4552C>T | DV98: 4552
A99: 2 | B99: 352109 | C99: 2__352109 | D99: G | E99: =VLOOKUP(C99,significant_snps!#REF!,6,FALSE) -> #REF! | F99: ANN=A | G99: synonymous_variant | H99: LOW | I99: CP02G000165 | J99: cgd_2g1640 | K99: CP02G000165 | L99: calcineurin-like phosphatase | M99: CP02G000165.mRNA1 | N99: protein_coding | O99: 1/1 | P99: c.657C>T | Q99: p.Ile219Ile | R99: 657/2367 | S99: 657/2367 | T99: 219/788 | U99: ,A | V99: upstream_gene_variant | W99: MODIFIER | X99: CP02G000162 | Y99: CP02G000162 | Z99: transcript | AA99: CP02G000162.mRNA1 | AB99: protein_coding | AC99: c.-4330C>T | AD99: 4330 | AE99: ,A | AF99: upstream_gene_variant | AG99: MODIFIER | AH99: CP02G000167 | AI99: CP02G000167 | AJ99: transcript | AK99: CP02G000167.mRNA1 | AL99: protein_coding | AM99: c.-3209G>A | AN99: 3209 | AO99: ,A | AP99: upstream_gene_variant | AQ99: MODIFIER | AR99: CP02G000168 | AS99: CP02G000168 | AT99: transcript | AU99: CP02G000168.mRNA1 | AV99: protein_coding | AW99: c.-3775G>A | AX99: 3775 | AY99: ,A | AZ99: upstream_gene_variant | BA99: MODIFIER | BB99: CP02G000169 | BC99: CP02G000169 | BD99: transcript | BE99: CP02G000169.mRNA1 | BF99: protein_coding | BG99: c.-4323G>A | BH99: 4323 | BI99: ,A | BJ99: downstream_gene_variant | BK99: MODIFIER | BL99: CP02G000163 | BM99: CP02G000163 | BN99: transcript | BO99: CP02G000163.mRNA1 | BP99: protein_coding | BQ99: c.*2986G>A | BR99: 2986 | BS99: ,A | BT99: downstream_gene_variant | BU99: MODIFIER | BV99: CP02G000164 | BW99: CP02G000164 | BX99: transcript | BY99: CP02G000164.mRNA1 | BZ99: protein_coding | CA99: c.*1720G>A | CB99: 1720 | CC99: ,A | CD99: downstream_gene_variant | CE99: MODIFIER | CF99: CP02G000166 | CG99: CP02G000166 | CH99: transcript | CI99: CP02G000166.mRNA1 | CJ99: protein_coding | CK99: c.*1551C>T | CL99: 1551 | DB99: c.*1720G>A | DG99: 1720 | DH99: ,A | DI99: downstream_gene_variant | DJ99: MODIFIER | DK99: CP02G000166 | DL99: CP02G000166 | DM99: transcript | DN99: CP02G000166.mRNA1 | DO99: protein_coding | DQ99: c.*1551C>T | DV99: 1551
A100: 2 | B100: 356342 | C100: 2__356342 | D100: A | E100: =VLOOKUP(C100,significant_snps!#REF!,6,FALSE) -> #REF! | F100: ANN=C | G100: upstream_gene_variant | H100: MODIFIER | I100: CP02G000165 | J100: cgd_2g1640 | K100: CP02G000165 | L100: calcineurin-like phosphatase | M100: CP02G000165.mRNA1 | N100: protein_coding | O100: c.-3577T>G | P100: 3577 | Q100: ,C | R100: upstream_gene_variant | S100: MODIFIER | T100: CP02G000166 | U100: CP02G000166 | V100: transcript | W100: CP02G000166.mRNA1 | X100: protein_coding | Y100: c.-1276T>G | Z100: 1276 | AA100: ,C | AB100: upstream_gene_variant | AC100: MODIFIER | AD100: CP02G000169 | AE100: CP02G000169 | AF100: transcript | AG100: CP02G000169.mRNA1 | AH100: protein_coding | AI100: c.-90A>C | AJ100: 90 | AK100: ,C | AL100: upstream_gene_variant | AM100: MODIFIER | AN100: CP02G000170 | AO100: CP02G000170 | AP100: transcript | AQ100: CP02G000170.mRNA1 | AR100: protein_coding | AS100: c.-1595A>C | AT100: 1595 | AU100: ,C | AV100: upstream_gene_variant | AW100: MODIFIER | AX100: CP02G000171 | AY100: CP02G000171 | AZ100: transcript | BA100: CP02G000171.mRNA1 | BB100: protein_coding | BC100: c.-2728A>C | BD100: 2728 | BE100: ,C | BF100: upstream_gene_variant | BG100: MODIFIER | BH100: CP02G000172 | BI100: CP02G000172 | BJ100: transcript | BK100: CP02G000172.mRNA1 | BL100: protein_coding | BM100: c.-3506A>C | BN100: 3506 | BO100: ,C | BP100: downstream_gene_variant | BQ100: MODIFIER | BR100: CP02G000167 | BS100: CP02G000167 | BT100: transcript | BU100: CP02G000167.mRNA1 | BV100: protein_coding | BW100: c.*515A>C | BX100: 515 | BY100: ,C | BZ100: downstream_gene_variant | CA100: MODIFIER | CB100: CP02G000168 | CC100: CP02G000168 | CD100: transcript | CE100: CP02G000168.mRNA1 | CF100: protein_coding | CG100: c.*105A>C | CH100: 105 | CI100: ,C | CJ100: intergenic_region | CK100: MODIFIER | CL100: CP02G000168-CP02G000169 | CM100: CP02G000168-CP02G000169 | CN100: intergenic_region | CO100: CP02G000168-CP02G000169 | CP100: n.356342A>C | DB100: c.*515A>C | DG100: 515 | DH100: ,C | DI100: downstream_gene_variant | DJ100: MODIFIER | DK100: CP02G000168 | DL100: CP02G000168 | DM100: transcript | DN100: CP02G000168.mRNA1 | DO100: protein_coding | DQ100: c.*105A>C | DV100: 105 | DW100: ,C | DX100: intergenic_region | DY100: MODIFIER | DZ100: CP02G000168-CP02G000169 | EA100: CP02G000168-CP02G000169 | EB100: intergenic_region | EC100: CP02G000168-CP02G000169 | EF100: n.356342A>C
...

Sheet Candidate-gene-3-8-11-24
A1: GeneID | B1: ID | C1: Annotation
A2: CP01G000011 | B2: CPCDC_1g110 | C2: hypothetical protein
A3: CP01G000014 | B3: CPCDC_1g140 | C3: hypothetical protein
A4: CP01G000017 | B4: CPCDC_1g170 | C4: hypothetical protein
A5: CP01G000031 | B5: CPCDC_1g300 | C5: 40S ribosomal protein S21
A6: CP01G000027 | B6: CPCDC_1g260 | C6: putative signal peptide-containing secreted
A7: CP01G000035 | B7: CPCDC_1g340 | C7: hypothetical protein
A8: CP01G000034 | B8: CPCDC_1g330 | C8: CDC48-like AAA ATPase
A9: CP01G000036 | B9: CPCDC_1g350 | C9: hypothetical protein
A10: CP01G000037 | B10: CPCDC_1g360 | C10: hypothetical protein
A11: CP01G000048 | B11: CPCDC_1g470 | C11: mucin-like protein
A12: CP01G000047 | B12: CPCDC_1g460 | C12: hypothetical protein
... A178: CP03G000060 | B178: CPCDC_3g580 | C178: putative signal peptide-containing protein plus
